class,order,family,genus,spp,species,clutch.size,max.longevity,incubation,dev.mode,fledging.age,brain.mass,egg.mass,body.mass,specimen.origin,qc,sample.size,references
Aves,Passeriformes,Meliphagidae,Acanthorhynchus,tenuirostris,Acanthorhynchus_tenuirostris,2.1,14,14.4,A,13.7,0.49728,1.79,9.7875,NA,NA,NA,"1, 2 & 3"
Aves,Accipitriformes,Accipitridae,Accipiter,cooperii,Accipiter_cooperii,4.35,20.33333333,29.75,SA,32,4.8692,40,452,wild,acceptable,medium,"1, 2 & 3"
Aves,Accipitriformes,Accipitridae,Accipiter,gentilis,Accipiter_gentilis,3.5,22,34.75,SA,41.65,8.16368,58,988.75,wild,acceptable,medium,"1, 2 & 3"
Aves,Accipitriformes,Accipitridae,Accipiter,striatus,Accipiter_striatus,4.25,19.9,33,SA,24.25,2.31028,19.3,138.5,wild,acceptable,medium,"1, 2 & 3"
Aves,Passeriformes,Sturnidae,Acridotheres,tristis,Acridotheres_tristis,4.5,6.083333333,17.5,A,23,2.56928,7.1,113.5,NA,NA,NA,"1, 2 & 3"
Aves,Passeriformes,Acrocephalidae,Acrocephalus,arundinaceus,Acrocephalus_arundinaceus,4.2,10.08333333,14.5,A,16,0.94276,3.15,30.175,wild,acceptable,medium,"1, 2 & 3"
Aves,Passeriformes,Acrocephalidae,Acrocephalus,schoenobaenus,Acrocephalus_schoenobaenus,5.5,11.83333333,13.5,A,13.5,0.4662,1.65,11.9,wild,acceptable,medium,"1, 2 & 3"
Aves,Charadriiformes,Scolopacidae,Actitis,hypoleucos,Actitis_hypoleucos,4,14.5,21.5,P,17.5,0.89096,12.5,48,wild,acceptable,medium,"1, 2 & 3"
Aves,Charadriiformes,Scolopacidae,Actitis,macularius,Actitis_macularius,4,12,20.5,P,17.25,0.70448,9,41.85833333,wild,acceptable,small,"1, 2 & 3"
Aves,Podicipediformes,Podicipedidae,Aechmophorus,occidentalis,Aechmophorus_occidentalis,3,14,23,P,70,3.84356,43.5,1314,wild,acceptable,small,"1, 2 & 3"
Aves,Strigiformes,Strigidae,Aegolius,acadicus,Aegolius_acadicus,5.5,17.5,27,SA,30.25,3.48096,10.2,95.625,unknown,acceptable,medium,"1, 2 & 3"
Aves,Strigiformes,Strigidae,Aegolius,funereus,Aegolius_funereus,5.145,15.9,27.75,SA,31.7,4.16472,12.5,131.5,unknown,acceptable,medium,"1, 2 & 3"
Aves,Apodiformes,Apodidae,Aeronautes,saxatalis,Aeronautes_saxatalis,4.35,10,24,A,43,0.69412,2.1,31.95,wild,acceptable,medium,"1, 2 & 3"
Aves,Charadriiformes,Alcidae,Aethia,pusilla,Aethia_pusilla,1,8.1,30,SP,32,1.53328,17.2,85,wild,acceptable,medium,"1, 2 & 3"
Aves,Psittaciformes,Psittacidae,Agapornis,fischeri,Agapornis_fischeri,5.5,12.6,22.85,A,38.4,2.0202,3.6,48.3,captivity,questionable,large,"1, 2 & 3"
Aves,Psittaciformes,Psittacidae,Agapornis,lilianae,Agapornis_lilianae,5.7,19.2,22,A,44.2,1.58508,3.05,37.3,captivity,acceptable,medium,"1, 2 & 3"
Aves,Psittaciformes,Psittacidae,Agapornis,pullarius,Agapornis_pullarius,4.5,18,23,A,45.5,1.49184,3.25,39.5,captivity,acceptable,small,"1, 2 & 3"
Aves,Psittaciformes,Psittacidae,Agapornis,taranta,Agapornis_taranta,5,14.6,25.5,A,49.3,2.05128,8.7,57.5,captivity,acceptable,tiny,"1, 2 & 3"
Aves,Passeriformes,Icteridae,Agelaius,phoeniceus,Agelaius_phoeniceus,3.3,20,12,A,16.05,1.75084,4.025,54,unknown,acceptable,medium,"1, 2 & 3"
Aves,Passeriformes,Ptilonorhynchidae,Ailuroedus,crassirostris,Ailuroedus_crassirostris,2,4,23.5,A,21,4.15436,21.6,207,NA,NA,NA,"1, 2 & 3"
Aves,Passeriformes,Ptilonorhynchidae,Ailuroedus,melanotis,Ailuroedus_melanotis,2,4,22.5,A,19.5,4.560203017,21.6,165.0089971,NA,NA,NA,"1, 2 & 3"
Aves,Anseriformes,Anatidae,Aix,galericulata,Aix_galericulata,10.5,10,29,P,42.5,4.37192,41,560,wild,questionable,small,"1, 2 & 3"
Aves,Anseriformes,Anatidae,Aix,sponsa,Aix_sponsa,11.8,22.5,30,P,61.5,4.403,43.5,657.5,wild,acceptable,large,"1, 2 & 3"
Aves,Passeriformes,Alaudidae,Alauda,arvensis,Alauda_arvensis,3.43,10.1,11.5,A,15.25,0.99456,3.35,37.5,wild,acceptable,medium,"1, 2 & 3"
Aves,Charadriiformes,Alcidae,Alca,torda,Alca_torda,1,42,35.55,SP,17.2,5.57368,92,720,wild,acceptable,small,"1, 2 & 3"
Aves,Coraciiformes,Alcedinidae,Alcedo,atthis,Alcedo_atthis,6.5,21,20,A,25,0.76664,4.3,31.4,wild,acceptable,medium,"1, 2 & 3"
Aves,Galliformes,Phasianidae,Alectoris,chukar,Alectoris_chukar,11.25,6.2,23.5,P,8,2.56928,20.9,535.5,NA,NA,NA,"1, 2 & 3"
Aves,Psittaciformes,Psittacidae,Alisterus,scapularis,Alisterus_scapularis,4.35,26.6,20,A,35,4.64128,13.3,232.5,captivity,acceptable,medium,"1, 2 & 3"
Aves,Charadriiformes,Alcidae,Alle,alle,Alle_alle,1,25,29,SP,27,2.1756,28,160,NA,NA,NA,"1, 2 & 3"
Aves,Anseriformes,Anatidae,Alopochen,aegyptiaca,Alopochen_aegyptiaca,8.484375,25.5,29,P,72.5,7.17948,96,1900,captivity,acceptable,small,"1, 2 & 3"
Aves,Apodiformes,Trochilidae,Amazilia,tzacatl,Amazilia_tzacatl,2,7,15.8,A,21.5,0.22792,0.59,5.05,NA,NA,NA,"1, 2 & 3"
Aves,Psittaciformes,Psittacidae,Amazona,aestiva,Amazona_aestiva,3,49,29.25,A,63,8.53664,17.75,400,captivity,acceptable,large,"1, 2 & 3"
Aves,Psittaciformes,Psittacidae,Amazona,amazonica,Amazona_amazonica,3.2,30,21,A,60,8.58844,18.3,370,captivity,acceptable,medium,"1, 2 & 3"
Aves,Psittaciformes,Psittacidae,Amazona,auropalliata,Amazona_auropalliata,3,56,29,A,60,9.91452,19.3,432.16,captivity,acceptable,medium,"1, 2 & 3"
Aves,Psittaciformes,Psittacidae,Amazona,ochrocephala,Amazona_ochrocephala,3,56,29,A,60,8.95104,19.3,432.16,captivity,acceptable,medium,"1, 2 & 3"
Aves,Psittaciformes,Psittacidae,Amazona,oratrix,Amazona_oratrix,3,56,29,A,60,8.93032,19.3,434.83,unknown,low,medium,"1, 2 & 3"
Aves,Passeriformes,Emberizidae,Ammodramus,savannarum,Ammodramus_savannarum,4.445,9.083333333,11.5,A,9,0.6734,2.01,17.9,wild,acceptable,medium,"1, 2 & 3"
Aves,Passeriformes,Emberizidae,Amphispiza,bilineata,Amphispiza_bilineata,3,6,12,A,9.5,0.70448,1.615,13.5,wild,acceptable,medium,"1, 2 & 3"
Aves,Anseriformes,Anatidae,Anas,acuta,Anas_acuta,7.7,27.417,22.5,P,45,4.88992,42.2,872.25,wild,acceptable,large,"1, 2 & 3"
Aves,Anseriformes,Anatidae,Anas,americana,Anas_americana,8.5,21.33333333,23.5,P,48.25,4.1958,44,786,wild,acceptable,large,"1, 2 & 3"
Aves,Anseriformes,Anatidae,Anas,clypeata,Anas_clypeata,10,22.34,23,P,44.75,3.68816,39.5,613,wild,acceptable,medium,"1, 2 & 3"
Aves,Anseriformes,Anatidae,Anas,crecca,Anas_crecca,9.5,27.1,22,P,39,2.7972,27.1,343.8,wild,acceptable,medium,"1, 2 & 3"
Aves,Anseriformes,Anatidae,Anas,cyanoptera,Anas_cyanoptera,10,12.917,23,P,49,3.37736,31.5,383,wild,acceptable,medium,"1, 2 & 3"
Aves,Anseriformes,Anatidae,Anas,discors,Anas_discors,10,23.25,24.1,P,41.25,3.03548,28.1,398.5,wild,acceptable,large,"1, 2 & 3"
Aves,Anseriformes,Anatidae,Anas,eatoni,Anas_eatoni,7.5,27.417,22.5,P,45,3.523191108,41.6,454.8646945,NA,NA,NA,"1, 2 & 3"
Aves,Anseriformes,Anatidae,Anas,gracilis,Anas_gracilis,8,31.7,25.25,P,56,3.64672,35,488.75,NA,NA,NA,"1, 2 & 3"
Aves,Anseriformes,Anatidae,Anas,laysanensis,Anas_laysanensis,9.349699399,29.1,27,P,55.5,3.6778,52.2,1082,wild,acceptable,small,"1, 2 & 3"
Aves,Anseriformes,Anatidae,Anas,platyrhynchos,Anas_platyrhynchos,10.515,29.1,26.5,P,55.5,5.63584,54,1121,unknown,acceptable,medium,"1, 2 & 3"
Aves,Anseriformes,Anatidae,Anas,strepera,Anas_strepera,10,28,26,P,49.5,4.0404,44,850,unknown,acceptable,medium,"1, 2 & 3"
Aves,Anseriformes,Anatidae,Anas,wyvilliana,Anas_wyvilliana,10.0996994,29.1,26.5,P,55.5,4.70344,53.1,1105,NA,NA,NA,"1, 2 & 3"
Aves,Suliformes,Anhingidae,Anhinga,melanogaster,Anhinga_melanogaster,4,16,28,A,52.5,4.72416,36,1518,captivity,acceptable,small,"1, 2 & 3"
Aves,Charadriiformes,Laridae,Anous,stolidus,Anous_stolidus,1,26.2,35.5,SP,35,2.31028,38.5,180,wild,acceptable,medium,"1, 2 & 3"
Aves,Anseriformes,Anatidae,Anser,albifrons,Anser_albifrons,5.5,47,27,P,41.5,9.41724,125,2387.5,captivity,acceptable,medium,"1, 2 & 3"
Aves,Anseriformes,Anatidae,Anser,fabalis,Anser_fabalis,5,25.6,28,P,56,11.0334,146,2933,wild,acceptable,medium,"1, 2 & 3"
Aves,Anseriformes,Anseranatidae,Anseranas,semipalmata,Anseranas_semipalmata,8,32,25,P,80.66,9.1168,111.2,2071,NA,NA,NA,"1, 2 & 3"
Aves,Passeriformes,Meliphagidae,Anthochaera,chrysoptera,Anthochaera_chrysoptera,2,10.16666667,13.5,A,15,1.7612,5.68,66.075,NA,NA,NA,"1, 2 & 3"
Aves,Passeriformes,Motacillidae,Anthus,novaeseelandiae,Anthus_novaeseelandiae,3.85,5.416666667,14,A,15,0.87024,3.05,25,NA,NA,NA,"1, 2 & 3"
Aves,Passeriformes,Motacillidae,Anthus,trivialis,Anthus_trivialis,4.64,8.75,13.5,A,12.5,0.6216,2.44,23.4,wild,acceptable,medium,"1, 2 & 3"
Aves,Passeriformes,Corvidae,Aphelocoma,coerulescens,Aphelocoma_coerulescens,3.75,16.3,17,A,18,2.9526,5.8,78.725,wild,acceptable,medium,"1, 2 & 3"
Aves,Passeriformes,Corvidae,Aphelocoma,ultramarina,Aphelocoma_ultramarina,4.07,25,18,A,24.25,3.73996,7.9,124,captivity,acceptable,medium,"1, 2 & 3"
Aves,Psittaciformes,Psittacidae,Aprosmictus,erythropterus,Aprosmictus_erythropterus,4.5,24.4,21,A,35,3.9886,11.35,136,captivity,acceptable,medium,"1, 2 & 3"
Aves,Sphenisciformes,Spheniscidae,Aptenodytes,forsteri,Aptenodytes_forsteri,1,40,63.5,SA,157.5,47.85284,445,29750,unknown,low,small,"1, 2 & 3"
Aves,Apodiformes,Apodidae,Apus,apus,Apus_apus,2.3,21.08333333,19.6,A,42.5,0.69412,3.575,39,wild,acceptable,medium,"1, 2 & 3"
Aves,Accipitriformes,Accipitridae,Aquila,audax,Aquila_audax,2,40,43,SA,79,16.82464,143,3466,captivity,acceptable,small,"1, 2 & 3"
Aves,Accipitriformes,Accipitridae,Aquila,chrysaetos,Aquila_chrysaetos,2,48,44,SA,74.5,17.80884,142,4383,captivity,acceptable,medium,"1, 2 & 3"
Aves,Accipitriformes,Accipitridae,Aquila,fasciatus,Aquila_fasciatus,2,20,39.25,SA,62.5,10.878,112,2000,captivity,acceptable,small,"1, 2 & 3"
Aves,Accipitriformes,Accipitridae,Aquila,rapax,Aquila_rapax,2,42.5,44.5,SA,84,13.78916,105.4,2347,captivity,acceptable,medium,"1, 2 & 3"
Aves,Psittaciformes,Psittacidae,Ara,ararauna,Ara_ararauna,2,43,25,A,91,18.73088,32.8,1125,captivity,acceptable,large,"1, 2 & 3"
Aves,Psittaciformes,Psittacidae,Ara,chloropterus,Ara_chloropterus,2.4,50.1,35,A,103,21.63168,34,1217,captivity,acceptable,small,"1, 2 & 3"
Aves,Psittaciformes,Psittacidae,Ara,macao,Ara_macao,1.75,64,26,A,84,18.57548,29.3,1015,captivity,acceptable,large,"1, 2 & 3"
Aves,Psittaciformes,Psittacidae,Aratinga,canicularis,Aratinga_canicularis,4,28.6,30,A,42,3.37736,5.7,83.25,captivity,acceptable,small,"1, 2 & 3"
Aves,Apodiformes,Trochilidae,Archilochus,colubris,Archilochus_colubris,2,9.1,14.5,A,21.25,0.1554,0.52,3.1425,wild,acceptable,small,"1, 2 & 3"
Aves,Pelecaniformes,Ardeidae,Ardea,herodias,Ardea_herodias,4,24.5,28,SA,60,9.19968,62,2388.666667,wild,acceptable,medium,"1, 2 & 3"
Aves,Charadriiformes,Scolopacidae,Arenaria,interpres,Arenaria_interpres,4,21.41666667,21.9,P,19.5,1.38824,17.9,135,wild,acceptable,medium,"1, 2 & 3"
Aves,Strigiformes,Strigidae,Asio,flammeus,Asio_flammeus,6,21.8,25.35,SA,25.5,5.4908,21.3,343.75,unknown,acceptable,medium,"1, 2 & 3"
Aves,Strigiformes,Strigidae,Asio,otus,Asio_otus,4.5,27.8,27.25,SA,34,5.50116,23,262.75,wild,acceptable,small,"1, 2 & 3"
Aves,Strigiformes,Strigidae,Athene,cunicularia,Athene_cunicularia,8,11,28,SA,44,3.91608,13.5,150.6,wild,acceptable,medium,"1, 2 & 3"
Aves,Strigiformes,Strigidae,Athene,noctua,Athene_noctua,4,15.58333333,27.5,SA,32.5,3.8332,15.6,169,wild,acceptable,medium,"1, 2 & 3"
Aves,Passeriformes,Remizidae,Auriparus,flaviceps,Auriparus_flaviceps,3.5,5.6,14,A,18,0.45584,0.98,7,wild,acceptable,medium,"1, 2 & 3"
Aves,Anseriformes,Anatidae,Aythya,affinis,Aythya_affinis,9.955,18.8,24.4,P,48,4.33048,48.2,788.5,wild,acceptable,large,"1, 2 & 3"
Aves,Anseriformes,Anatidae,Aythya,americana,Aythya_americana,9.29555606,22.6,25,P,64.75,5.65656,64,1056.25,wild,acceptable,large,"1, 2 & 3"
Aves,Anseriformes,Anatidae,Aythya,collaris,Aythya_collaris,9,20.41666667,26.75,P,52.25,5.57368,50.5,730,wild,acceptable,large,"1, 2 & 3"
Aves,Anseriformes,Anatidae,Aythya,valisineria,Aythya_valisineria,9,29.5,26.5,P,66,7.02408,70.5,1218.666667,wild,acceptable,large,"1, 2 & 3"
Aves,Passeriformes,Paridae,Baeolophus,bicolor,Baeolophus_bicolor,5.95,13.3,13.5,A,17.5,1.04636,1.9,21.6,wild,acceptable,medium,"1, 2 & 3"
Aves,Pelecaniformes,Balaenicipitidae,Balaeniceps,rex,Balaeniceps_rex,2,36,30,SP,105,23.18568,161.75,5268,captivity,acceptable,small,"1, 2 & 3"
Aves,Gruiformes,Gruidae,Balearica,pavonina,Balearica_pavonina,2.5,13,29.5,P,63,13.34368,146.5,3590,NA,NA,NA,"1, 2 & 3"
Aves,Psittaciformes,Psittacidae,Barnardius,zonarius,Barnardius_zonarius,5,17.9,20,A,35,3.8816848,8.8,127,captivity,acceptable,small,"1, 2 & 3"
Aves,Charadriiformes,Scolopacidae,Bartramia,longicauda,Bartramia_longicauda,4,8.916666667,23,P,33,1.3468,24.35,152.25,wild,acceptable,medium,"1, 2 & 3"
Aves,Passeriformes,Bombycillidae,Bombycilla,cedrorum,Bombycilla_cedrorum,4,12.66666667,14,A,20.5,0.92204,2.95,32.04816667,wild,acceptable,medium,"1, 2 & 3"
Aves,Passeriformes,Bombycillidae,Bombycilla,garrulus,Bombycilla_garrulus,5,13.5,15.25,A,20.5,1.20176,3.8,54.45,wild,acceptable,medium,"1, 2 & 3"
Aves,Pelecaniformes,Threskiornithidae,Bostrychia,hagedash,Bostrychia_hagedash,2.855,16,27.5,SP,35,10.54648,60.25,1245.25,captivity,acceptable,small,"1, 2 & 3"
Aves,Pelecaniformes,Ardeidae,Botaurus,lentiginosus,Botaurus_lentiginosus,4,8.333333333,29,SA,10.5,4.68272,36,706,wild,acceptable,small,"1, 2 & 3"
Aves,Charadriiformes,Alcidae,Brachyramphus,marmoratus,Brachyramphus_marmoratus,1,10,30,SP,21,2.4346,51.9,222,wild,acceptable,medium,"1, 2 & 3"
Aves,Anseriformes,Anatidae,Branta,bernicla,Branta_bernicla,4,28.83333333,24,P,45.75,6.3196,85,1347.25,wild,acceptable,large,"1, 2 & 3"
Aves,Anseriformes,Anatidae,Branta,canadensis,Branta_canadensis,5.15,42,28,P,50.75,13.7,163,3984.5,unknown,acceptable,medium,"1, 2 & 3"
Aves,Psittaciformes,Psittacidae,Brotogeris,versicolurus,Brotogeris_versicolurus,5,37,25.5,A,56,2.47604,3.9,69.6,captivity,acceptable,small,"1, 2 & 3"
Aves,Strigiformes,Strigidae,Bubo,bubo,Bubo_bubo,2.25,68,35,SA,55,17.70524,71.15,2533,captivity,acceptable,large,"1, 2 & 3"
Aves,Strigiformes,Strigidae,Bubo,scandiaca,Bubo_scandiaca,6,28,32,SA,47.7,16.44132,60.3,1954,captivity,acceptable,small,"1, 2 & 3"
Aves,Strigiformes,Strigidae,Bubo,virginianus,Bubo_virginianus,2.5,29,27,SA,68.25,15.26028,66.2,1377.25,wild,acceptable,medium,"1, 2 & 3"
Aves,Pelecaniformes,Ardeidae,Bubulcus,ibis,Bubulcus_ibis,4.25,23,22.85,SA,35,3.94716,27.75,372,wild,acceptable,medium,"1, 2 & 3"
Aves,Anseriformes,Anatidae,Bucephala,albeola,Bucephala_albeola,8.400544959,18.7,30,P,52.5,4.2476,37,400,wild,acceptable,medium,"1, 2 & 3"
Aves,Anseriformes,Anatidae,Bucephala,clangula,Bucephala_clangula,9.5,18.41666667,29.5,P,61.25,6.1642,57,895.93,wild,acceptable,medium,"1, 2 & 3"
Aves,Anseriformes,Anatidae,Bucephala,islandica,Bucephala_islandica,9.5,18,30,P,56,6.03988,67.7,978.575,wild,acceptable,medium,"1, 2 & 3"
Aves,Bucerotiformes,Bucerotidae,Buceros,bicornis,Buceros_bicornis,2,33.4,31,A,84,18.907,77,2899.25,captivity,acceptable,medium,"1, 2 & 3"
Aves,Bucerotiformes,Bucorvidae,Bucorvus,abyssinicus,Bucorvus_abyssinicus,2,70,39,A,73,24.605,95.3,4000,NA,NA,NA,"1, 2 & 3"
Aves,Procellariiformes,Procellariidae,Bulweria,bulwerii,Bulweria_bulwerii,1,22.91666667,44.5,SP,62,1.38824,21,99.5,wild,acceptable,small,"1, 2 & 3"
Aves,Accipitriformes,Accipitridae,Buteo,buteo,Buteo_buteo,3,28.8,35,SA,36.75,8.22584,58.5,878.25,wild,acceptable,medium,"1, 2 & 3"
Aves,Accipitriformes,Accipitridae,Buteo,jamaicensis,Buteo_jamaicensis,2.75,30.66666667,31,SA,45.25,9.51048,68,1126,wild,acceptable,large,"1, 2 & 3"
Aves,Accipitriformes,Accipitridae,Buteo,lagopus,Buteo_lagopus,4,18.8,29.25,SA,41,9.5312,61.5,945.5,wild,acceptable,small,"1, 2 & 3"
Aves,Accipitriformes,Accipitridae,Buteo,lineatus,Buteo_lineatus,3.2,22.41666667,33,SA,42,7.44884,57,616,wild,acceptable,medium,"1, 2 & 3"
Aves,Accipitriformes,Accipitridae,Buteo,platypterus,Buteo_platypterus,2.5,18.33333333,29.5,SA,39.75,5.30432,41.75,437,wild,acceptable,small,"1, 2 & 3"
Aves,Accipitriformes,Accipitridae,Buteo,regalis,Buteo_regalis,3.75,23.7,33.25,SA,46,9.842,80,1469.5,wild,acceptable,medium,"1, 2 & 3"
Aves,Accipitriformes,Accipitridae,Buteo,swainsoni,Buteo_swainsoni,2.5,24.08333333,32.75,SA,43,7.62496,61,969.57,wild,acceptable,medium,"1, 2 & 3"
Aves,Accipitriformes,Accipitridae,Buteogallus,anthracinus,Buteogallus_anthracinus,1.5,13.5,38.25,SA,46.5,7.42812,65,996,wild,acceptable,medium,"1, 2 & 3"
Aves,Pelecaniformes,Ardeidae,Butorides,striata,Butorides_striata,3,7.916666667,22,SA,34.5,2.56928,16.5,198,NA,NA,NA,"1, 2 & 3"
Aves,Psittaciformes,Cacatuidae,Cacatua,galerita,Cacatua_galerita,2.5,120,27,A,70,14.75264,27.65,723.5,captivity,acceptable,large,"1, 2 & 3"
Aves,Psittaciformes,Cacatuidae,Cacatua,leadbeateri,Cacatua_leadbeateri,3.2,80,26.5,A,57.5,8.77492,15.3,407.5,captivity,acceptable,medium,"1, 2 & 3"
Aves,Psittaciformes,Cacatuidae,Cacatua,pastinator,Cacatua_pastinator,2.505,26.3,23.5,A,60,11.38564,20.6,600,captivity,acceptable,small,"1, 2 & 3"
Aves,Psittaciformes,Cacatuidae,Cacatua,sanguinea,Cacatua_sanguinea,2.6,46.9,23.5,A,62,9.23076,20.1,515,captivity,acceptable,medium,"1, 2 & 3"
Aves,Psittaciformes,Cacatuidae,Cacatua,sulphurea,Cacatua_sulphurea,2.7,49.7,24,A,70,9.96632,15.9,332,captivity,acceptable,medium,"1, 2 & 3"
Aves,Psittaciformes,Cacatuidae,Cacatua,tenuirostris,Cacatua_tenuirostris,2.7,43,25,A,59,11.02304,20.3,567,captivity,acceptable,medium,"1, 2 & 3"
Aves,Passeriformes,Emberizidae,Calamospiza,melanocorys,Calamospiza_melanocorys,4.7,4.833333333,12,A,8.5,1.22248,3.14,37.4,wild,acceptable,medium,"1, 2 & 3"
Aves,Passeriformes,Calcariidae,Calcarius,lapponicus,Calcarius_lapponicus,5,6,12,A,12,0.90132,2.46,28,wild,acceptable,medium,"1, 2 & 3"
Aves,Charadriiformes,Scolopacidae,Calidris,alba,Calidris_alba,4,18.58333333,26.25,P,17,1.04636,11.2,55.55,wild,acceptable,small,"1, 2 & 3"
Aves,Charadriiformes,Scolopacidae,Calidris,alpina,Calidris_alpina,4,28.834,21.4,P,20,1.036,10.6,54.6,wild,acceptable,small,"1, 2 & 3"
Aves,Charadriiformes,Scolopacidae,Calidris,canutus,Calidris_canutus,3.935,26.66666667,21.95,P,18,1.36752,19.3,137.0666667,wild,acceptable,small,"1, 2 & 3"
Aves,Charadriiformes,Scolopacidae,Calidris,fuscicollis,Calidris_fuscicollis,4,7,22,P,16.5,0.80808,10.3,44.55,unknown,low,small,"1, 2 & 3"
Aves,Charadriiformes,Scolopacidae,Calidris,himantopus,Calidris_himantopus,4,11.1,20,P,17.25,0.95312,11.2,57.5,wild,acceptable,tiny,"1, 2 & 3"
Aves,Charadriiformes,Scolopacidae,Calidris,mauri,Calidris_mauri,4,9.2,21,P,19,0.657288095,7.5,26.02350063,wild,acceptable,small,"1, 2 & 3"
Aves,Charadriiformes,Scolopacidae,Calidris,melanotos,Calidris_melanotos,4,5.916666667,22,P,21,1.05672,13.1,85,unknown,low,small,"1, 2 & 3"
Aves,Charadriiformes,Scolopacidae,Calidris,pusilla,Calidris_pusilla,4,19.3,19.9,P,16.5,0.52836,6.9,26.36666667,wild,acceptable,medium,"1, 2 & 3"
Aves,Galliformes,Odontophoridae,Callipepla,californica,Callipepla_californica,14,9.6,22.25,P,10,1.37788,9.85,171.5,unknown,acceptable,medium,"1, 2 & 3"
Aves,Psittaciformes,Cacatuidae,Callocephalon,fimbriatum,Callocephalon_fimbriatum,2,27.5,29,A,56,7.74928,11.8,256,captivity,acceptable,medium,"1, 2 & 3"
Aves,Columbiformes,Columbidae,Caloenas,nicobarica,Caloenas_nicobarica,1,20.5,28,A,90,3.17016,27.8,505.75,captivity,acceptable,large,"1, 2 & 3"
Aves,Procellariiformes,Procellariidae,Calonectris,diomedea,Calonectris_diomedea,1,24.83333333,54,SP,91.5,5.09712,95,775.225,wild,acceptable,medium,"1, 2 & 3"
Aves,Psittaciformes,Cacatuidae,Calyptorhynchus,banksii,Calyptorhynchus_banksii,1,45.4,29,A,80,12.3802,33.5,723.6833334,captivity,acceptable,medium,"1, 2 & 3"
Aves,Psittaciformes,Cacatuidae,Calyptorhynchus,baudinii,Calyptorhynchus_baudinii,2,47,28,A,112,15.15668,29,631.425,captivity,acceptable,small,"1, 2 & 3"
Aves,Psittaciformes,Cacatuidae,Calyptorhynchus,funereus,Calyptorhynchus_funereus,2,41,29,A,76,15.62288,33.8,678.5,captivity,acceptable,medium,"1, 2 & 3"
Aves,Passeriformes,Troglodytidae,Campylorhynchus,brunneicapillus,Campylorhynchus_brunneicapillus,3.9,7.333333333,16,A,20.95,1.38824,3.565,38.9,wild,acceptable,small,"1, 2 & 3"
Aves,Caprimulgiformes,Caprimulgidae,Caprimulgus,carolinensis,Caprimulgus_carolinensis,2,14.83333333,20,SP,17,1.40896,12.8,115,wild,acceptable,medium,"1, 2 & 3"
Aves,Caprimulgiformes,Caprimulgidae,Caprimulgus,europaeus,Caprimulgus_europaeus,2,11.91666667,17.5,SP,16.5,0.91168,8.4,70.5,wild,acceptable,medium,"1, 2 & 3"
Aves,Caprimulgiformes,Caprimulgidae,Caprimulgus,vociferus,Caprimulgus_vociferus,2,15,19,SP,20,0.84952,7,53.7,wild,acceptable,tiny,"1, 2 & 3"
Aves,Falconiformes,Falconidae,Caracara,cheriway,Caracara_cheriway,2.25,37.6,32,SA,42,9.59336,74,1118.25,captivity,acceptable,small,"1, 2 & 3"
Aves,Falconiformes,Falconidae,Caracara,plancus,Caracara_plancus,2.575,37.6,32,SA,42,10.42216,74,1348,captivity,acceptable,small,"1, 2 & 3"
Aves,Passeriformes,Parulidae,Cardellina,rubrifrons,Cardellina_rubrifrons,4,3,13,A,12,0.44548,1.39,9.8,wild,acceptable,medium,"1, 2 & 3"
Aves,Passeriformes,Cardinalidae,Cardinalis,cardinalis,Cardinalis_cardinalis,3.12,28.5,12.5,A,14.25,1.57472,4.49,43.05,unknown,acceptable,medium,"1, 2 & 3"
Aves,Passeriformes,Fringillidae,Carduelis,carduelis,Carduelis_carduelis,4.9,27,13,A,13.5,0.6734,1.53,16,unknown,acceptable,medium,"1, 2 & 3"
Aves,Passeriformes,Fringillidae,Carduelis,flammea,Carduelis_flammea,5,25,10.5,A,12,0.61124,1.4,13,wild,acceptable,medium,"1, 2 & 3"
Aves,Passeriformes,Fringillidae,Carduelis,pinus,Carduelis_pinus,3.5,11,13,A,14.5,0.59052,1.39,13.05,unknown,acceptable,medium,"1, 2 & 3"
Aves,Passeriformes,Fringillidae,Carduelis,tristis,Carduelis_tristis,5,13,13,A,13.5,0.55944,1.29,12.8,unknown,acceptable,medium,"1, 2 & 3"
Aves,Passeriformes,Fringillidae,Carpodacus,mexicanus,Carpodacus_mexicanus,4.305,11.6,14,A,15.05,0.80808,2.07,21.4,wild,acceptable,medium,"1, 2 & 3"
Aves,Passeriformes,Fringillidae,Carpodacus,purpureus,Carpodacus_purpureus,4.25,14,13,A,14,0.9324,2.295,25.23333333,wild,acceptable,medium,"1, 2 & 3"
Aves,Pelecaniformes,Ardeidae,Casmerodius,albus,Casmerodius_albus,3.7,22.834,24.7,SA,41,5.22144,48.5,873.5,wild,acceptable,medium,"1, 2 & 3"
Aves,Charadriiformes,Stercorariidae,Catharacta,maccormicki,Catharacta_maccormicki,2,34.5,29.5,SP,49.5,7.03444,93.5,1382.5,wild,acceptable,medium,"1, 2 & 3"
Aves,Accipitriformes,Cathartidae,Cathartes,aura,Cathartes_aura,2,20.8,39.25,SA,75,10.33928,82.1,1776,unknown,acceptable,medium,"1, 2 & 3"
Aves,Passeriformes,Turdidae,Catharus,fuscescens,Catharus_fuscescens,4,10.1,11.25,A,11,0.95312,3.425,31.925,wild,acceptable,small,"1, 2 & 3"
Aves,Galliformes,Phasianidae,Centrocercus,urophasianus,Centrocercus_urophasianus,7.35,7,26,P,14,4.144,44.5,1930,unknown,acceptable,medium,"1, 2 & 3"
Aves,Charadriiformes,Alcidae,Cepphus,grylle,Cepphus_grylle,2,29.91666667,27.4,SP,39.5,3.73996,50,390.5,wild,acceptable,small,"1, 2 & 3"
Aves,Anseriformes,Anatidae,Cereopsis,novaehollandiae,Cereopsis_novaehollandiae,4.24,28.1,35,P,70,9.14788,137,3770,captivity,acceptable,medium,"1, 2 & 3"
Aves,Charadriiformes,Alcidae,Cerorhinca,monocerata,Cerorhinca_monocerata,1,28.25,38.5,SP,38.5,4.79668,77.7,505,wild,acceptable,small,"1, 2 & 3"
Aves,Passeriformes,Certhiidae,Certhia,familiaris,Certhia_familiaris,5.45,8.166666667,15,A,15.5,0.40404,1.12,9.1,wild,acceptable,medium,"1, 2 & 3"
Aves,Coraciiformes,Alcedinidae,Ceryle,rudis,Ceryle_rudis,5,5,15,A,24.5,1.64724,8.15,84.4,wild,acceptable,medium,"1, 2 & 3"
Aves,Apodiformes,Apodidae,Chaetura,pelagica,Chaetura_pelagica,4.5,15,20,A,30,0.47656,1.92,23.5,wild,acceptable,large,"1, 2 & 3"
Aves,Passeriformes,Sylviidae,Chamaea,fasciata,Chamaea_fasciata,3.74,12.6,15.5,A,15.5,0.79772,1.935,14.7,wild,acceptable,small,"1, 2 & 3"
Aves,Charadriiformes,Charadriidae,Charadrius,alexandrinus,Charadrius_alexandrinus,3,19,25,P,29,1.1,8.9,42.3,wild,acceptable,medium,"1, 2 & 3"
Aves,Charadriiformes,Charadriidae,Charadrius,melodus,Charadrius_melodus,4,14,28,P,32.5,0.994382979,9.4,51.31586687,wild,acceptable,medium,"1, 2 & 3"
Aves,Charadriiformes,Charadriidae,Charadrius,ruficapillus,Charadrius_ruficapillus,2.905,19,25,P,29,0.84952,8.95,41.2,NA,NA,NA,"1, 2 & 3"
Aves,Charadriiformes,Charadriidae,Charadrius,semipalmatus,Charadrius_semipalmatus,3.79,20.83333333,24,P,25.25,0.99456,10.15,52,wild,acceptable,small,"1, 2 & 3"
Aves,Charadriiformes,Charadriidae,Charadrius,vociferus,Charadrius_vociferus,4,10.91666667,24.55,P,27.5,1.16032,14.5,94.275,wild,acceptable,small,"1, 2 & 3"
Aves,Anseriformes,Anatidae,Chen,caerulescens,Chen_caerulescens,4.2,27.5,23.55,P,43.5,11.06448,121.95,2630.75,wild,acceptable,large,"1, 2 & 3"
Aves,Anseriformes,Anatidae,Chen,rossii,Chen_rossii,4,22.5,22,P,41,7.0966,92,1597.5,wild,acceptable,large,"1, 2 & 3"
Aves,Coraciiformes,Alcedinidae,Chloroceryle,americana,Chloroceryle_americana,4.5,5,20,A,26,0.95312,4.3,33.86666667,wild,acceptable,medium,"1, 2 & 3"
Aves,Caprimulgiformes,Caprimulgidae,Chordeiles,minor,Chordeiles_minor,2,10,19,SP,21,0.8806,7.6,79.3,wild,acceptable,small,"1, 2 & 3"
Aves,Ciconiiformes,Ciconiidae,Ciconia,ciconia,Ciconia_ciconia,4,48,33.5,SA,61,15.19812,105.9,3350,wild,acceptable,medium,"1, 2 & 3"
Aves,Passeriformes,Cinclidae,Cinclus,mexicanus,Cinclus_mexicanus,4.08,7.25,16,A,20.25,1.4504,4.38,55.9,wild,acceptable,medium,"1, 2 & 3"
Aves,Accipitriformes,Accipitridae,Circus,aeruginosus,Circus_aeruginosus,4.75,20.1,34.5,SA,37.5,5.8463,40,607,wild,acceptable,medium,"1, 2 & 3"
Aves,Accipitriformes,Accipitridae,Circus,cyaneus,Circus_cyaneus,4.5,17.1,31,SA,36.25,4.95208,31,436.5,wild,acceptable,medium,"1, 2 & 3"
Aves,Anseriformes,Anatidae,Clangula,hyemalis,Clangula_hyemalis,7.5,22.7,25,P,35,5.05568,43.5,814,wild,acceptable,small,"1, 2 & 3"
Aves,Passeriformes,Fringillidae,Coccothraustes,vespertinus,Coccothraustes_vespertinus,3.5,17,13,A,13.5,1.7612,3.7,59.5,unknown,acceptable,medium,"1, 2 & 3"
Aves,Cuculiformes,Cuculidae,Coccyzus,americanus,Coccyzus_americanus,3.25,5,12,A,21,1.21212,9.25,61,wild,acceptable,small,"1, 2 & 3"
Aves,Cuculiformes,Cuculidae,Coccyzus,erythropthalmus,Coccyzus_erythropthalmus,2.605,5,12,A,22.5,1.04636,6.3,49.57333333,wild,acceptable,small,"1, 2 & 3"
Aves,Passeriformes,Coerebidae,Coereba,flaveola,Coereba_flaveola,2,8.6,12.5,A,18,0.45584,1.455,10,wild,acceptable,medium,"1, 2 & 3"
Aves,Piciformes,Picidae,Colaptes,auratus,Colaptes_auratus,6.6,12.5,12,A,28,3.17016,7.3,130.6716667,wild,acceptable,small,"1, 2 & 3"
Aves,Galliformes,Odontophoridae,Colinus,virginianus,Colinus_virginianus,13,6.416666667,22.75,P,14,1.3468,8.9,173.3333333,wild,acceptable,medium,"1, 2 & 3"
Aves,Coliiformes,Coliidae,Colius,striatus,Colius_striatus,3.3,11.5,12.5,A,17.5,1.18104,3.2,52.5,captivity,acceptable,large,"1, 2 & 3"
Aves,Columbiformes,Columbidae,Columbina,inca,Columbina_inca,2,13.3,14,A,15,0.75628,3.4,48.75,captivity,acceptable,small,"1, 2 & 3"
Aves,Columbiformes,Columbidae,Columbina,passerina,Columbina_passerina,2,7.2,13.25,A,11,0.66304,3.1,35,wild,acceptable,medium,"1, 2 & 3"
Aves,Passeriformes,Tyrannidae,Contopus,cooperi,Contopus_cooperi,3,11.08333333,15.75,A,17,0.66304,2.95,32.76666667,wild,acceptable,medium,"1, 2 & 3"
Aves,Passeriformes,Tyrannidae,Contopus,virens,Contopus_virens,3,8.2,13,A,16,0.4662,1.785,13.95,wild,acceptable,small,"1, 2 & 3"
Aves,Passeriformes,Muscicapidae,Copsychus,saularis,Copsychus_saularis,3.85,5.916666667,12.5,A,16,1.1396,3.43,36.75,NA,NA,NA,"1, 2 & 3"
Aves,Coraciiformes,Coraciidae,Coracias,caudatus,Coracias_caudatus,2.5,13.7,17.5,A,35,2.13416,12,122.5,captivity,acceptable,medium,"1, 2 & 3"
Aves,Coraciiformes,Coraciidae,Coracias,garrulus,Coracias_garrulus,4.25,9.2,18,A,26.5,2.40352,15.4,146,wild,acceptable,medium,"1, 2 & 3"
Aves,Accipitriformes,Cathartidae,Coragyps,atratus,Coragyps_atratus,2,25.5,36.5,SA,75,12.42164,103,2080.5,wild,acceptable,medium,"1, 2 & 3"
Aves,Passeriformes,Corcoracidae,Corcorax,melanorhamphos,Corcorax_melanorhamphos,3.6,16.3,18.5,A,25.5,5.3872,16.9,364,captivity,acceptable,small,"1, 2 & 3"
Aves,Passeriformes,Climacteridae,Cormobates,leucophaea,Cormobates_leucophaea,2.5,8.5,19.5,A,25.5,0.83916,3.25,22.3,NA,NA,NA,"1, 2 & 3"
Aves,Passeriformes,Corvidae,Corvus,brachyrhynchos,Corvus_brachyrhynchos,4.59,20,18,A,30.15,7.42812,17.9,453,unknown,acceptable,medium,"1, 2 & 3"
Aves,Passeriformes,Corvidae,Corvus,caurinus,Corvus_caurinus,4.26,16.75,18,A,31.7,7.69748,16.7,387,wild,acceptable,small,"1, 2 & 3"
Aves,Passeriformes,Corvidae,Corvus,corax,Corvus_corax,4.8,69,19,A,41.5,14.9702,28.8,1097,captivity,acceptable,medium,"1, 2 & 3"
Aves,Passeriformes,Corvidae,Corvus,corone,Corvus_corone,4.5,19.16666667,19,A,34,8.81636,19.55,544.5,wild,acceptable,medium,"1, 2 & 3"
Aves,Passeriformes,Corvidae,Corvus,coronoides,Corvus_coronoides,3.95,21.8,20,A,43.1,10.18388,22,640,captivity,acceptable,tiny,"1, 2 & 3"
Aves,Passeriformes,Corvidae,Corvus,cryptoleucus,Corvus_cryptoleucus,5.45,21.8,21,A,36,9.2722,21,536.5,wild,acceptable,small,"1, 2 & 3"
Aves,Passeriformes,Corvidae,Corvus,frugilegus,Corvus_frugilegus,4,22.91666667,17,A,32.5,7.88396,16,453.5,wild,acceptable,medium,"1, 2 & 3"
Aves,Passeriformes,Corvidae,Corvus,monedula,Corvus_monedula,4.5,20.33333333,18,A,32.5,5.3354,11.3,246,wild,acceptable,medium,"1, 2 & 3"
Aves,Passeriformes,Corvidae,Corvus,ossifragus,Corvus_ossifragus,4.5,14.5,17,A,36,6.20564,14.1,285.05,wild,acceptable,small,"1, 2 & 3"
Aves,Galliformes,Phasianidae,Coturnix,chinensis,Coturnix_chinensis,6,5,16.5,P,28,0.5,4.8,41,unknown,questionable,medium,"1, 2 & 3"
Aves,Galliformes,Cracidae,Crax,rubra,Crax_rubra,2,24,32,P,20,9.90416,218,4133,captivity,acceptable,medium,"1, 2 & 3"
Aves,Gruiformes,Rallidae,Crex,crex,Crex_crex,10,5.833333333,17.5,P,36,1.42968,13.2,155.5,NA,NA,NA,"1, 2 & 3"
Aves,Cuculiformes,Cuculidae,Cuculus,canorus,Cuculus_canorus,9.2,12.91666667,12.5,A,19,1.62652,3.4,111.5,wild,acceptable,medium,"1, 2 & 3"
Aves,Passeriformes,Thraupidae,Cyanerpes,cyaneus,Cyanerpes_cyaneus,2,17,12.35,A,14,0.5698,1.54,14,NA,NA,NA,"1, 2 & 3"
Aves,Passeriformes,Corvidae,Cyanocitta,cristata,Cyanocitta_cristata,4.34,26.2,17,A,19,3.02512,5.95,85.25,captivity,acceptable,small,"1, 2 & 3"
Aves,Passeriformes,Corvidae,Cyanocitta,stelleri,Cyanocitta_stelleri,4,16.1,16,A,16,3.66744,8.05,120,wild,acceptable,medium,"1, 2 & 3"
Aves,Psittaciformes,Psittacidae,Cyanoramphus,auriceps,Cyanoramphus_auriceps,6.25,9.3,19,A,40,2.88008,4.4,45.975,captivity,acceptable,medium,"1, 2 & 3"
Aves,Anseriformes,Anatidae,Cygnus,atratus,Cygnus_atratus,5.5,40,39,P,160,12.5874,267,5656,unknown,low,medium,"1, 2 & 3"
Aves,Anseriformes,Anatidae,Cygnus,buccinator,Cygnus_buccinator,5.2,32.5,35,P,98.5,21.02044,330.5,10300,captivity,acceptable,small,"1, 2 & 3"
Aves,Anseriformes,Anatidae,Cygnus,columbianus,Cygnus_columbianus,4,24.1,29.5,P,60.25,17.9746,269.6,6350,wild,acceptable,medium,"1, 2 & 3"
Aves,Anseriformes,Anatidae,Cygnus,cygnus,Cygnus_cygnus,4.920658683,26.5,35,P,98.5,20.202,331,9413,wild,acceptable,medium,"1, 2 & 3"
Aves,Coraciiformes,Alcedinidae,Dacelo,novaeguineae,Dacelo_novaeguineae,2.46,26.8,25,A,35,4.46516,30.4,340.325,captivity,acceptable,large,"1, 2 & 3"
Aves,Procellariiformes,Procellariidae,Daption,capense,Daption_capense,1,25,44,SP,48.5,5.20072,63.15,424.75,wild,acceptable,medium,"1, 2 & 3"
Aves,Passeriformes,Hirundinidae,Delichon,urbicum,Delichon_urbicum,4,15,14,A,21.5,0.49728,1.75,16.775,wild,acceptable,medium,"1, 2 & 3"
Aves,Galliformes,Phasianidae,Dendragapus,obscurus,Dendragapus_obscurus,7.1,14,25.25,P,10,3.18052,32.5,1059,wild,acceptable,medium,"1, 2 & 3"
Aves,Passeriformes,Parulidae,Dendroica,caerulescens,Dendroica_caerulescens,4,10,12,A,9.5,0.44548,1.485,10.2,wild,acceptable,small,"1, 2 & 3"
Aves,Passeriformes,Parulidae,Dendroica,coronata,Dendroica_coronata,4,8.75,12.5,A,13,0.52836,1.675,12.55,wild,acceptable,medium,"1, 2 & 3"
Aves,Passeriformes,Parulidae,Dendroica,petechia,Dendroica_petechia,4.405,10.9,11,A,10,0.53872,1.415,10,wild,acceptable,medium,"1, 2 & 3"
Aves,Psittaciformes,Psittacidae,Deroptyus,accipitrinus,Deroptyus_accipitrinus,2.2,21.8,28,A,63,8.01864,13,246,captivity,acceptable,medium,"1, 2 & 3"
Aves,Psittaciformes,Psittacidae,Diopsittaca,nobilis,Diopsittaca_nobilis,4,22.9,24,A,60,6.05024,7,149,captivity,acceptable,small,"1, 2 & 3"
Aves,Passeriformes,Icteridae,Dolichonyx,oryzivorus,Dolichonyx_oryzivorus,5.11,9,13,A,12,1.10852,2.75,34.45,wild,acceptable,medium,"1, 2 & 3"
Aves,Piciformes,Picidae,Dryocopus,pileatus,Dryocopus_pileatus,3.815,13,18,A,27,7.0448,11,303.875,wild,acceptable,tiny,"1, 2 & 3"
Aves,Passeriformes,Mimidae,Dumetella,carolinensis,Dumetella_carolinensis,3.875,17.91666667,13.1,A,11.7,1.18104,3.8,35.35,wild,acceptable,large,"1, 2 & 3"
Aves,Psittaciformes,Psittacidae,Eclectus,roratus,Eclectus_roratus,2,28.5,28.25,A,84,7.62496,21.05,434,captivity,acceptable,large,"1, 2 & 3"
Aves,Passeriformes,Emberizidae,Emberiza,hortulana,Emberiza_hortulana,4.5,6.833333333,11.5,A,12.5,0.7252,2.48,21.075,wild,acceptable,medium,"1, 2 & 3"
Aves,Passeriformes,Tyrannidae,Empidonax,minimus,Empidonax_minimus,4,8,14,A,15.15,0.38332,1.39,10.275,wild,acceptable,medium,"1, 2 & 3"
Aves,Passeriformes,Tyrannidae,Empidonax,virescens,Empidonax_virescens,2.965,12.08333333,13.5,A,13.85,0.44548,1.86,12.7,wild,acceptable,medium,"1, 2 & 3"
Aves,Passeriformes,Alaudidae,Eremophila,alpestris,Eremophila_alpestris,3.52,8,11,A,17.5,0.92204,3.085,34.25,wild,acceptable,medium,"1, 2 & 3"
Aves,Passeriformes,Muscicapidae,Erithacus,rubecula,Erithacus_rubecula,5.17,19.33333333,14,A,13.5,0.66304,2.45,17.55,wild,acceptable,large,"1, 2 & 3"
Aves,Passeriformes,Estrildidae,Erythrura,gouldiae,Erythrura_gouldiae,5.7,6,14.5,A,21.5,0.54908,1.44,14.5,captivity,acceptable,large,"1, 2 & 3"
Aves,Pelecaniformes,Threskiornithidae,Eudocimus,albus,Eudocimus_albus,2.7,27.6,22,SP,35,6.58896,46,900,captivity,acceptable,medium,"1, 2 & 3"
Aves,Sphenisciformes,Spheniscidae,Eudyptula,minor,Eudyptula_minor,2,16.91666667,38,SA,45.5,7.62496,52,1157.295833,wild,acceptable,medium,"1, 2 & 3"
Aves,Passeriformes,Icteridae,Euphagus,carolinus,Euphagus_carolinus,4.5,8.8,14,A,13.5,1.56436,4.62,60.4,wild,acceptable,medium,"1, 2 & 3"
Aves,Passeriformes,Icteridae,Euphagus,cyanocephalus,Euphagus_cyanocephalus,5,12.5,13,A,13.5,1.49184,4.565,62.65,wild,acceptable,medium,"1, 2 & 3"
Aves,Eurypygiformes,Eurypygidae,Eurypyga,helias,Eurypyga_helias,2,15,27,P,21,2.56928,28.5,222.75,captivity,acceptable,medium,"1, 2 & 3"
Aves,Falconiformes,Falconidae,Falco,berigora,Falco_berigora,2.895,24,33.5,SA,38,6.46464,45,561.75,captivity,acceptable,small,"1, 2 & 3"
Aves,Falconiformes,Falconidae,Falco,columbarius,Falco_columbarius,4.5,16,30,SA,30,3.20124,21.75,187.575,wild,acceptable,medium,"1, 2 & 3"
Aves,Falconiformes,Falconidae,Falco,eleonorae,Falco_eleonorae,2.5,11.2,31,SA,37.5,4.18544,26,379.5,wild,acceptable,medium,"1, 2 & 3"
Aves,Falconiformes,Falconidae,Falco,longipennis,Falco_longipennis,2.8,10.5,31.5,SA,36.5,3.4706,28,246,NA,NA,NA,"1, 2 & 3"
Aves,Falconiformes,Falconidae,Falco,mexicanus,Falco_mexicanus,4.25,20,31,SA,38.5,7.10696,49,754.5,wild,acceptable,medium,"1, 2 & 3"
Aves,Falconiformes,Falconidae,Falco,naumanni,Falco_naumanni,4.2,10.91666667,27.75,SA,27,2.80756,16,152.5,wild,acceptable,medium,"1, 2 & 3"
Aves,Falconiformes,Falconidae,Falco,peregrinus,Falco_peregrinus,3.5,25,30,SA,39,6.41284,47.1,827.25,unknown,acceptable,medium,"1, 2 & 3"
Aves,Falconiformes,Falconidae,Falco,sparverius,Falco_sparverius,4.6,17,29,SA,30,2.57964,15.7,115.5,captivity,acceptable,medium,"1, 2 & 3"
Aves,Falconiformes,Falconidae,Falco,subbuteo,Falco_subbuteo,3,14.1,29.5,SA,31,3.71924,24.5,210,wild,acceptable,medium,"1, 2 & 3"
Aves,Falconiformes,Falconidae,Falco,tinnunculus,Falco_tinnunculus,4.5,23.834,28,SA,29.5,4.00932,21,204.75,wild,acceptable,large,"1, 2 & 3"
Aves,Falconiformes,Falconidae,Falco,vespertinus,Falco_vespertinus,3.5,18,24.5,SA,23.5,2.7972,17,156.75,wild,acceptable,medium,"1, 2 & 3"
Aves,Passeriformes,Muscicapidae,Ficedula,albicollis,Ficedula_albicollis,6,9.833333333,12.8,A,15.9,0.4662,1.6,12.55,wild,acceptable,medium,"1, 2 & 3"
Aves,Psittaciformes,Psittacidae,Forpus,passerinus,Forpus_passerinus,6,11.6,18,A,35,1.1396,2.165,24,captivity,acceptable,small,"1, 2 & 3"
Aves,Charadriiformes,Alcidae,Fratercula,arctica,Fratercula_arctica,1,40.83333333,41.8,SP,47.7,4.1958,64,437.9166667,wild,acceptable,small,"1, 2 & 3"
Aves,Charadriiformes,Alcidae,Fratercula,corniculata,Fratercula_corniculata,1,20,41,SP,36.5,5.37684,77.95,581,NA,NA,NA,"1, 2 & 3"
Aves,Suliformes,Fregatidae,Fregata,minor,Fregata_minor,1,43,55.5,A,175,9.56228,83,1400,wild,acceptable,medium,"1, 2 & 3"
Aves,Passeriformes,Fringillidae,Fringilla,coelebs,Fringilla_coelebs,4.5,29,12.5,A,13.5,0.83916,2.16,22.625,captivity,acceptable,small,"1, 2 & 3"
Aves,Gruiformes,Rallidae,Fulica,americana,Fulica_americana,9.5,22.33333333,22.75,P,54.25,3.03548,28.9,620.5,wild,acceptable,large,"1, 2 & 3"
Aves,Gruiformes,Rallidae,Fulica,atra,Fulica_atra,7.6,32.3,22.5,P,57.5,2.9526,36.5,775,wild,acceptable,medium,"1, 2 & 3"
Aves,Procellariiformes,Procellariidae,Fulmarus,glacialis,Fulmarus_glacialis,1,51,49,SP,52,6.55788,101,785,wild,acceptable,medium,"1, 2 & 3"
Aves,Procellariiformes,Procellariidae,Fulmarus,glacialoides,Fulmarus_glacialoides,1,45,46.5,SP,52,7.72856,103,795,wild,acceptable,medium,"1, 2 & 3"
Aves,Passeriformes,Alaudidae,Galerida,cristata,Galerida_cristata,4.275,11.58333333,12,A,9,1.21212,3.24,43.15,wild,acceptable,medium,"1, 2 & 3"
Aves,Charadriiformes,Scolopacidae,Gallinago,gallinago,Gallinago_gallinago,4,18.2,19,P,18.75,1.46076,16.5,113,wild,acceptable,medium,"1, 2 & 3"
Aves,Gruiformes,Rallidae,Gallinula,chloropus,Gallinula_chloropus,7,18.6,20,P,45,2.4864,22.3,377,wild,acceptable,medium,"1, 2 & 3"
Aves,Gaviiformes,Gaviidae,Gavia,immer,Gavia_immer,2,24.08333333,27.5,P,75.25,10.4636,167,4400,wild,acceptable,medium,"1, 2 & 3"
Aves,Gaviiformes,Gaviidae,Gavia,stellata,Gavia_stellata,2,23.7,27.5,P,43,5.73944,82.7,1603,unknown,acceptable,medium,"1, 2 & 3"
Aves,Cuculiformes,Cuculidae,Geococcyx,californianus,Geococcyx_californianus,4,9,18.75,A,19.5,3.61564,19.2,376,captivity,acceptable,medium,"1, 2 & 3"
Aves,Columbiformes,Columbidae,Geopelia,placida,Geopelia_placida,2,14,13.5,A,16,0.81844,3.35,48.9,NA,NA,NA,"1, 2 & 3"
Aves,Passeriformes,Parulidae,Geothlypis,trichas,Geothlypis_trichas,3.995,11.5,12,A,8.65,0.53872,1.62,9.666666667,wild,acceptable,medium,"1, 2 & 3"
Aves,Strigiformes,Strigidae,Glaucidium,passerinum,Glaucidium_passerinum,5,6,29,SA,30.5,2.68324,8.3,65.5,wild,acceptable,medium,"1, 2 & 3"
Aves,Psittaciformes,Psittacidae,Glossopsitta,concinna,Glossopsitta_concinna,2,11.5,22.5,A,48,2.97332,5.7,70.8,captivity,acceptable,medium,"1, 2 & 3"
Aves,Psittaciformes,Psittacidae,Glossopsitta,porphyrocephala,Glossopsitta_porphyrocephala,3.5,12,18,A,42,1.95804,3.05,44.5,captivity,acceptable,small,"1, 2 & 3"
Aves,Gruiformes,Gruidae,Grus,antigone,Grus_antigone,1.95,41.8,32.65,P,120,20.78216,214.3,7150,captivity,acceptable,medium,"1, 2 & 3"
Aves,Gruiformes,Gruidae,Grus,canadensis,Grus_canadensis,2,36.58333333,29,P,70.5,15.35352,161.2,4170,wild,acceptable,medium,"1, 2 & 3"
Aves,Gruiformes,Gruidae,Grus,rubicunda,Grus_rubicunda,2,65,29,P,98,18.32684,185.95,6250.5,captivity,acceptable,medium,"1, 2 & 3"
Aves,Gruiformes,Gruidae,Grus,virgo,Grus_virgo,2,67,28,P,60,10.59828,128,2400,captivity,high,large,"1, 2 & 3"
Aves,Charadriiformes,Laridae,Gygis,alba,Gygis_alba,1,35.9,36,SP,47.5,1.99948,21.6,115.5,wild,acceptable,medium,"1, 2 & 3"
Aves,Passeriformes,Cracticidae,Gymnorhina,tibicen,Gymnorhina_tibicen,4,21,21,A,28,4.8174,15.5,290.5,NA,NA,NA,"1, 2 & 3"
Aves,Passeriformes,Corvidae,Gymnorhinus,cyanocephalus,Gymnorhinus_cyanocephalus,3.82,14.58333333,16.5,A,21,3.63636,7,105,wild,acceptable,medium,"1, 2 & 3"
Aves,Accipitriformes,Accipitridae,Gypohierax,angolensis,Gypohierax_angolensis,1,27.1,44,SA,90,10.49468,107,1600,captivity,acceptable,medium,"1, 2 & 3"
Aves,Accipitriformes,Accipitridae,Gyps,africanus,Gyps_africanus,1,19.7,57,SA,125,18.907,214,5442.5,captivity,acceptable,medium,"1, 2 & 3"
Aves,Charadriiformes,Haematopodidae,Haematopus,bachmani,Haematopus_bachmani,2.77,43.33333333,26,P,30,4.68272,46.5,555,wild,acceptable,tiny,"1, 2 & 3"
Aves,Charadriiformes,Haematopodidae,Haematopus,longirostris,Haematopus_longirostris,2.8,43.33333333,25.5,P,30,4.4,46.7,566.25,NA,NA,NA,"1, 2 & 3"
Aves,Charadriiformes,Haematopodidae,Haematopus,ostralegus,Haematopus_ostralegus,2.9,43.33333333,25.5,P,30,3.9,46.6,526,wild,acceptable,medium,"1, 2 & 3"
Aves,Charadriiformes,Haematopodidae,Haematopus,palliatus,Haematopus_palliatus,2.785,43.33333333,26.25,P,30,4.68272,46.6,560,wild,acceptable,small,"1, 2 & 3"
Aves,Accipitriformes,Accipitridae,Haliaeetus,leucocephalus,Haliaeetus_leucocephalus,2,48,35,SA,74.25,18.68944,117,4740,captivity,acceptable,large,"1, 2 & 3"
Aves,Accipitriformes,Accipitridae,Haliaeetus,leucogaster,Haliaeetus_leucogaster,2,10.41666667,37.5,SA,67.5,13.08468,117,2751.5,NA,NA,NA,"1, 2 & 3"
Aves,Accipitriformes,Accipitridae,Haliaeetus,vocifer,Haliaeetus_vocifer,2,40,44.25,SA,70,12.62884,120,2806.5,NA,NA,NA,"1, 2 & 3"
Aves,Accipitriformes,Accipitridae,Haliastur,sphenurus,Haliastur_sphenurus,2,11,36.5,SA,43,6.84796,56.5,755,NA,NA,NA,"1, 2 & 3"
Aves,Passeriformes,Parulidae,Helmitheros,vermivorum,Helmitheros_vermivorum,4.63,8.1,13,A,10.5,0.61124,1.69,13.2,wild,acceptable,small,"1, 2 & 3"
Aves,Accipitriformes,Accipitridae,Hieraaetus,morphnoides,Hieraaetus_morphnoides,1.825,10.3,36.5,SA,60.88,8.09116,62,791,wild,acceptable,medium,"1, 2 & 3"
Aves,Charadriiformes,Recurvirostridae,Himantopus,mexicanus,Himantopus_mexicanus,4,19.1,24.5,P,29,1.9684,21.8,169,unknown,acceptable,medium,"1, 2 & 3"
Aves,Passeriformes,Fringillidae,Himatione,sanguinea,Himatione_sanguinea,3,11,13,A,16,0.69412,3.175,14.4,captivity,acceptable,small,"1, 2 & 3"
Aves,Passeriformes,Acrocephalidae,Hippolais,icterina,Hippolais_icterina,4.5,10.83333333,13.5,A,14.5,0.48692,1.7,13.2,wild,acceptable,medium,"1, 2 & 3"
Aves,Passeriformes,Hirundinidae,Hirundo,neoxena,Hirundo_neoxena,3.5,6.916666667,16,A,21.5,0.49728,1.89,15,NA,NA,NA,"1, 2 & 3"
Aves,Passeriformes,Hirundinidae,Hirundo,rustica,Hirundo_rustica,4.495,16,15,A,20.75,0.5698,1.9,19,unknown,acceptable,medium,"1, 2 & 3"
Aves,Anseriformes,Anatidae,Histrionicus,histrionicus,Histrionicus_histrionicus,5.9,14.6,28.25,P,40,5.03496,53.5,561.25,wild,acceptable,medium,"1, 2 & 3"
Aves,Passeriformes,Turdidae,Hylocichla,mustelina,Hylocichla_mustelina,3.5,10.16666667,13.5,A,12.25,1.295,4.85,48.65,wild,acceptable,medium,"1, 2 & 3"
Aves,Passeriformes,Incertae Sedis,Icteria,virens,Icteria_virens,3.79,8.916666667,11,A,8.75,0.94276,3.26,25.3,wild,acceptable,small,"1, 2 & 3"
Aves,Passeriformes,Icteridae,Icterus,galbula,Icterus_galbula,4.5,14,13,A,13,1.17068,3.03,33.9,unknown,acceptable,medium,"1, 2 & 3"
Aves,Passeriformes,Icteridae,Icterus,spurius,Icterus_spurius,4,17.7,13,A,12.5,0.89096,2.23,20.05,captivity,acceptable,medium,"1, 2 & 3"
Aves,Accipitriformes,Accipitridae,Ictinia,mississippiensis,Ictinia_mississippiensis,2,11.2,30.5,SA,34,3.82284,27,281,wild,acceptable,tiny,"1, 2 & 3"
Aves,Pelecaniformes,Ardeidae,Ixobrychus,minutus,Ixobrychus_minutus,4.6,6.916666667,18,SA,27.5,1.6,13,105.5,wild,acceptable,medium,"1, 2 & 3"
Aves,Passeriformes,Emberizidae,Junco,hyemalis,Junco_hyemalis,4,11.33333333,11.8,A,11.25,0.85988,2.22,19.475,wild,acceptable,large,"1, 2 & 3"
Aves,Piciformes,Picidae,Jynx,torquilla,Jynx_torquilla,8.5,10,12.4,A,20.5,0.97384,2.7,35.86666667,wild,acceptable,medium,"1, 2 & 3"
Aves,Accipitriformes,Accipitridae,Kaupifalco,monogrammicus,Kaupifalco_monogrammicus,2,8.6,33,SA,40,4.17508,31.2,278,wild,acceptable,medium,"1, 2 & 3"
Aves,Passeriformes,Estrildidae,Lagonosticta,senegala,Lagonosticta_senegala,3.5,5.833333333,11.5,A,18,0.40404,0.81,8.725,NA,NA,NA,"1, 2 & 3"
Aves,Galliformes,Phasianidae,Lagopus,lagopus,Lagopus_lagopus,8.95,9,21.55,P,12,2.46568,21.75,595,wild,acceptable,small,"1, 2 & 3"
Aves,Passeriformes,Laniidae,Lanius,collurio,Lanius_collurio,5.5,10.08333333,14,A,13.5,0.99456,3.15,28.75,wild,acceptable,medium,"1, 2 & 3"
Aves,Passeriformes,Laniidae,Lanius,cristatus,Lanius_cristatus,4.95,5,13,A,14.5,1.0878,3.2,31.975,NA,NA,NA,"1, 2 & 3"
Aves,Passeriformes,Laniidae,Lanius,ludovicianus,Lanius_ludovicianus,5,12.5,15,A,18.8,1.58508,4.54,47.225,wild,acceptable,small,"1, 2 & 3"
Aves,Passeriformes,Laniidae,Lanius,senator,Lanius_senator,5.35,5.833333333,16,A,19.5,1.10852,3.4,36,wild,acceptable,medium,"1, 2 & 3"
Aves,Charadriiformes,Laridae,Larus,argentatus,Larus_argentatus,2.8,49,27.25,SP,40,6.93084,92,1085,unknown,acceptable,medium,"1, 2 & 3"
Aves,Charadriiformes,Laridae,Larus,atricilla,Larus_atricilla,2.52,22,24,SP,35,3.2,41.8,308,wild,acceptable,medium,"1, 2 & 3"
Aves,Charadriiformes,Laridae,Larus,californicus,Larus_californicus,2.75,30,25,SP,45,5.250730154,73,692.9792109,wild,acceptable,medium,"1, 2 & 3"
Aves,Charadriiformes,Laridae,Larus,canus,Larus_canus,3,33.7,24.15,SP,33,3.9588,52.25,415.75,wild,acceptable,medium,"1, 2 & 3"
Aves,Charadriiformes,Laridae,Larus,dominicanus,Larus_dominicanus,2.35,13.08333333,28,SP,50,6.84796,87.615,989,NA,NA,NA,"1, 2 & 3"
Aves,Charadriiformes,Laridae,Larus,fuscus,Larus_fuscus,2.7,49,26,SP,40,5.7,91.25,1010.25,wild,acceptable,medium,"1, 2 & 3"
Aves,Charadriiformes,Laridae,Larus,glaucescens,Larus_glaucescens,2.75,32,27,SP,42,7.89432,95,1010,wild,acceptable,medium,"1, 2 & 3"
Aves,Charadriiformes,Laridae,Larus,minutus,Larus_minutus,2.875,20.91666667,22,SP,22.5,1.9,19.7,118.5,wild,acceptable,medium,"1, 2 & 3"
Aves,Charadriiformes,Laridae,Larus,novaehollandiae,Larus_novaehollandiae,3,14.6666667,24,SP,42,3.23232,39.85,312,NA,NA,NA,"1, 2 & 3"
Aves,Charadriiformes,Laridae,Larus,pipixcan,Larus_pipixcan,3,9.416666667,24,SP,39,2.61526948,35.75,302.4754146,NA,NA,NA,"1, 2 & 3"
Aves,Charadriiformes,Laridae,Larus,ridibundus,Larus_ridibundus,2.7,63,23.25,SP,35,3.1598,37.5,271.6666667,wild,acceptable,medium,"1, 2 & 3"
Aves,Charadriiformes,Laridae,Larus,thayeri,Larus_thayeri,2.6,49,26,SP,40,6.529740115,92,995.2560095,NA,NA,NA,"1, 2 & 3"
Aves,Passeriformes,Leiothrichidae,Leiothrix,lutea,Leiothrix_lutea,2.82,15,12,A,11,0.95312,2.765,21.5,captivity,acceptable,large,"1, 2 & 3"
Aves,Passeriformes,Furnariidae,Lepidocolaptes,affinis,Lepidocolaptes_affinis,2,6.083333333,17,A,19,1.17068,6.1,35,NA,NA,NA,"1, 2 & 3"
Aves,Ciconiiformes,Ciconiidae,Leptoptilos,crumeniferus,Leptoptilos_crumeniferus,2.2,44.7,30,SA,105,28.14812,138,6400,captivity,acceptable,large,"1, 2 & 3"
Aves,Columbiformes,Columbidae,Leptotila,verreauxi,Leptotila_verreauxi,2,8.6,14,A,16,1.47112,7.3,147.5,wild,acceptable,small,"1, 2 & 3"
Aves,Columbiformes,Columbidae,Leucosarcia,melanoleuca,Leucosarcia_melanoleuca,2,16.3,17.5,A,18.5,2.49676,16.5,429.075,captivity,acceptable,tiny,"1, 2 & 3"
Aves,Passeriformes,Fringillidae,Leucosticte,arctoa,Leucosticte_arctoa,4.5,6.6,13,A,19,1.35716,2.765,29.825,NA,NA,NA,"1, 2 & 3"
Aves,Passeriformes,Meliphagidae,Lichenostomus,chrysops,Lichenostomus_chrysops,2.375,12.83333333,13.8,A,13.5,0.74592,2.34,16.525,NA,NA,NA,"1, 2 & 3"
Aves,Passeriformes,Meliphagidae,Lichenostomus,flavescens,Lichenostomus_flavescens,1.5,13.25,11,A,14,0.53872,2,12.7,NA,NA,NA,"1, 2 & 3"
Aves,Passeriformes,Meliphagidae,Lichenostomus,melanops,Lichenostomus_melanops,2,11.08333333,14,A,15,0.95312,3.14,31.85,NA,NA,NA,"1, 2 & 3"
Aves,Passeriformes,Meliphagidae,Lichenostomus,ornatus,Lichenostomus_ornatus,2.045,8.083333333,13.5,A,13,0.777,2.26,17.275,NA,NA,NA,"1, 2 & 3"
Aves,Passeriformes,Meliphagidae,Lichenostomus,penicillatus,Lichenostomus_penicillatus,2.355,10.75,13.5,A,12.9,0.85988,2.45,19.175,NA,NA,NA,"1, 2 & 3"
Aves,Passeriformes,Meliphagidae,Lichenostomus,virescens,Lichenostomus_virescens,2.145,5.416666667,13.2,A,13.4,0.95312,2.98,24,NA,NA,NA,"1, 2 & 3"
Aves,Passeriformes,Parulidae,Limnothlypis,swainsonii,Limnothlypis_swainsonii,3,9.916666667,14.5,A,11.5,0.69412,2.23,17.35,wild,acceptable,large,"1, 2 & 3"
Aves,Charadriiformes,Scolopacidae,Limosa,lapponica,Limosa_lapponica,4,33.08333333,20.75,P,28,2.86972,37.75,311.5,wild,acceptable,medium,"1, 2 & 3"
Aves,Passeriformes,Locustellidae,Locustella,luscinioides,Locustella_luscinioides,4.5,9.75,12,A,13,0.5698,2.03,14.75,wild,acceptable,medium,"1, 2 & 3"
Aves,Psittaciformes,Psittacidae,Loriculus,philippensis,Loriculus_philippensis,3,10.1,20,A,35,1.53328,2.3,34.9,captivity,acceptable,tiny,"1, 2 & 3"
Aves,Passeriformes,Fringillidae,Loxia,curvirostra,Loxia_curvirostra,3.4,16.08333333,13,A,19.5,1.47112,2.95,39.5,wild,acceptable,small,"1, 2 & 3"
Aves,Passeriformes,Fringillidae,Loxia,leucoptera,Loxia_leucoptera,3.75,4,13,A,21,1.42968,2.54,29.8,captivity,questionable,small,"1, 2 & 3"
Aves,Passeriformes,Muscicapidae,Luscinia,megarhynchos,Luscinia_megarhynchos,4.78,10.91666667,13.5,A,11,0.7252,2.65,19.93333333,wild,acceptable,medium,"1, 2 & 3"
Aves,Procellariiformes,Procellariidae,Macronectes,giganteus,Macronectes_giganteus,1,15.75,59,SP,119,18.58584,241.5,4447.5,wild,acceptable,medium,"1, 2 & 3"
Aves,Passeriformes,Maluridae,Malurus,cyaneus,Malurus_cyaneus,3.3,10.4,14,A,12.7,0.48692,1.41,10.5,wild,acceptable,large,"1, 2 & 3"
Aves,Passeriformes,Meliphagidae,Manorina,flavigula,Manorina_flavigula,2.925,9.5,15,A,16,1.41932,4.87,52.6,NA,NA,NA,"1, 2 & 3"
Aves,Passeriformes,Meliphagidae,Manorina,melanocephala,Manorina_melanocephala,2.85,8.166666667,16,A,16,1.92696,5.35,60.575,NA,NA,NA,"1, 2 & 3"
Aves,Strigiformes,Strigidae,Megascops,asio,Megascops_asio,4.25,20.7,26,SA,28,5.08676,17.3,175,unknown,acceptable,medium,"1, 2 & 3"
Aves,Piciformes,Picidae,Melanerpes,carolinus,Melanerpes_carolinus,4.47,20.7,12,A,25,2.23776,4.6,71.775,unknown,acceptable,medium,"1, 2 & 3"
Aves,Piciformes,Picidae,Melanerpes,erythrocephalus,Melanerpes_erythrocephalus,5,10,13,A,26,1.84408,5.3,71.6,unknown,acceptable,medium,"1, 2 & 3"
Aves,Piciformes,Picidae,Melanerpes,formicivorus,Melanerpes_formicivorus,4.9,17.25,12.75,A,31,2.06164,5.1,79.05,wild,acceptable,medium,"1, 2 & 3"
Aves,Anseriformes,Anatidae,Melanitta,fusca,Melanitta_fusca,8.430434783,21.41666667,27.75,P,60,7.1,92,1732,wild,acceptable,medium,"1, 2 & 3"
Aves,Anseriformes,Anatidae,Melanitta,nigra,Melanitta_nigra,8.5,17.91666667,28.4,P,45.75,6.0606,73,1052.2,wild,acceptable,medium,"1, 2 & 3"
Aves,Galliformes,Phasianidae,Meleagris,gallopavo,Meleagris_gallopavo,11,13,28,P,14,8.50556,78.8,5811,wild,acceptable,medium,"1, 2 & 3"
Aves,Passeriformes,Meliphagidae,Meliphaga,lewinii,Meliphaga_lewinii,2.075,12.41666667,14.5,A,15,1.21212,4.22,34.4,NA,NA,NA,"1, 2 & 3"
Aves,Passeriformes,Meliphagidae,Meliphaga,notata,Meliphaga_notata,2.02,8.5,14.5,A,14.7,0.90132,3.18,26.325,NA,NA,NA,"1, 2 & 3"
Aves,Passeriformes,Meliphagidae,Melithreptus,lunatus,Melithreptus_lunatus,2.535,11,14,A,14.9,0.6216,1.9,13.85,NA,NA,NA,"1, 2 & 3"
Aves,Psittaciformes,Psittacidae,Melopsittacus,undulatus,Melopsittacus_undulatus,5,21,18,A,35.25,1.554,2.15,29.05,captivity,high,large,"1, 2 & 3"
Aves,Passeriformes,Emberizidae,Melospiza,georgiana,Melospiza_georgiana,4.25,7.75,13.25,A,12.5,0.83916,2.22,16.575,wild,acceptable,medium,"1, 2 & 3"
Aves,Anseriformes,Anatidae,Mergus,merganser,Mergus_merganser,9.8,14.83333333,30,P,65,5.03496,82,1462.5,wild,acceptable,medium,"1, 2 & 3"
Aves,Anseriformes,Anatidae,Mergus,serrator,Mergus_serrator,9.1,21.33333333,31.75,P,60.75,5.00388,72.5,1042.583333,wild,acceptable,small,"1, 2 & 3"
Aves,Coraciiformes,Meropidae,Merops,apiaster,Merops_apiaster,5.85,7,20,A,30.5,0.91168,6.445,56.6,wild,acceptable,medium,"1, 2 & 3"
Aves,Strigiformes,Strigidae,Micrathene,whitneyi,Micrathene_whitneyi,2.5,14,24,SA,30.5,1.44971523,7.3,33.21494748,captivity,acceptable,small,"1, 2 & 3"
Aves,Accipitriformes,Accipitridae,Milvus,migrans,Milvus_migrans,2.5,24,32,SA,42.75,6.02952,56,828.5,unknown,acceptable,medium,"1, 2 & 3"
Aves,Passeriformes,Mimidae,Mimus,polyglottos,Mimus_polyglottos,3.91,20,12.2,A,12.5,1.42968,4.35,48.5,wild,acceptable,medium,"1, 2 & 3"
Aves,Passeriformes,Parulidae,Mniotilta,varia,Mniotilta_varia,4.88,12.25,11,A,10.5,0.45584,1.6,10.9,wild,acceptable,small,"1, 2 & 3"
Aves,Passeriformes,Icteridae,Molothrus,ater,Molothrus_ater,4.3,16.91666667,11.25,A,10,1.1914,3.01,42.55,wild,acceptable,medium,"1, 2 & 3"
Aves,Coraciiformes,Momotidae,Momotus,momota,Momotus_momota,3.5,20.3,21,A,30.5,2.26884,12.05,120,captivity,acceptable,medium,"1, 2 & 3"
Aves,Suliformes,Sulidae,Morus,serrator,Morus_serrator,1,33,44.5,A,100,5.00388,96,2350,wild,acceptable,medium,"1, 2 & 3"
Aves,Passeriformes,Motacillidae,Motacilla,alba,Motacilla_alba,5.25,13.66666667,13,A,14.5,0.6216,2.3,24.1,wild,acceptable,medium,"1, 2 & 3"
Aves,Passeriformes,Motacillidae,Motacilla,flava,Motacilla_flava,5.2,8.834,12,A,17,0.5698,1.8,17.575,wild,acceptable,medium,"1, 2 & 3"
Aves,Passeriformes,Muscicapidae,Muscicapa,striata,Muscicapa_striata,3.5,11.8,13.5,A,15,0.50764,1.92,15.9,captivity,acceptable,tiny,"1, 2 & 3"
Aves,Ciconiiformes,Ciconiidae,Mycteria,americana,Mycteria_americana,3.02,27,30,SA,53.75,15.41568,80,2500,captivity,acceptable,small,"1, 2 & 3"
Aves,Passeriformes,Tyrannidae,Myiarchus,cinerascens,Myiarchus_cinerascens,4.4,11.91666667,15,A,16.5,0.79772,3.42,28.2,wild,acceptable,medium,"1, 2 & 3"
Aves,Passeriformes,Tyrannidae,Myiarchus,tyrannulus,Myiarchus_tyrannulus,3.95,11,14,A,16.5,1.01528,3.855,36.5625,wild,acceptable,medium,"1, 2 & 3"
Aves,Passeriformes,Parulidae,Myioborus,pictus,Myioborus_pictus,4,6.6,13.25,A,13,0.40404,1.42,9.775,wild,acceptable,medium,"1, 2 & 3"
Aves,Passeriformes,Nectariniidae,Nectarinia,jugularis,Nectarinia_jugularis,2.2,9,14,A,14.7,0.4144,1.165,8.6,NA,NA,NA,"1, 2 & 3"
Aves,Passeriformes,Nectariniidae,Nectarinia,violacea,Nectarinia_violacea,1.7,5,14.5,A,19,0.44548,1.29,9.55,NA,NA,NA,"1, 2 & 3"
Aves,Psittaciformes,Psittacidae,Neophema,chrysostoma,Neophema_chrysostoma,5,21,18,A,30,1.761854846,4.2,57.97431108,captivity,acceptable,small,"1, 2 & 3"
Aves,Psittaciformes,Psittacidae,Neophema,pulchella,Neophema_pulchella,4.64,21,20,A,28,1.33644,3.9,41.4,captivity,acceptable,medium,"1, 2 & 3"
Aves,Psittaciformes,Psittacidae,Neophema,splendida,Neophema_splendida,4,14,18,A,30,1.32608,4.15,38.6,captivity,acceptable,medium,"1, 2 & 3"
Aves,Psittaciformes,Psittacidae,Neopsephotus,bourkii,Neopsephotus_bourkii,4.2,12.6,19,A,27,1.295,3.75,44.725,captivity,acceptable,small,"1, 2 & 3"
Aves,Psittaciformes,Strigopidae,Nestor,notabilis,Nestor_notabilis,2.75,47,24.5,A,91,14.9184,26,867.5,captivity,acceptable,medium,"1, 2 & 3"
Aves,Anseriformes,Anatidae,Netta,rufina,Netta_rufina,9,8.75,27,P,47.5,5.55296,56,1118,wild,acceptable,medium,"1, 2 & 3"
Aves,Strigiformes,Strigidae,Ninox,boobook,Ninox_boobook,2.5,13,31.7,SA,39,5.802954265,25.05,231.3657982,NA,NA,NA,"1, 2 & 3"
Aves,Strigiformes,Strigidae,Ninox,novaeseelandiae,Ninox_novaeseelandiae,2.5,13,29,SA,40,5.72908,25.05,195,NA,NA,NA,"1, 2 & 3"
Aves,Psittaciformes,Psittacidae,Northiella,haematogaster,Northiella_haematogaster,5,15.3,20,A,30,2.4864,5.2,85.75,captivity,acceptable,small,"1, 2 & 3"
Aves,Tinamiformes,Tinamidae,Nothura,maculosa,Nothura_maculosa,5.5,4,17,P,28,1.63688,22.5,250.125,NA,NA,NA,"1, 2 & 3"
Aves,Charadriiformes,Scolopacidae,Numenius,americanus,Numenius_americanus,4,10,28,P,43,3.9368,73,635.75,NA,NA,NA,"1, 2 & 3"
Aves,Charadriiformes,Scolopacidae,Numenius,phaeopus,Numenius_phaeopus,4,24.2,24.75,P,37.5,3.24268,50,383,wild,acceptable,small,"1, 2 & 3"
Aves,Pelecaniformes,Ardeidae,Nyctanassa,violacea,Nyctanassa_violacea,3.52,6.3,23,SA,36.9,6.19528,37,682.5,NA,NA,NA,"1, 2 & 3"
Aves,Pelecaniformes,Ardeidae,Nycticorax,nycticorax,Nycticorax_nycticorax,4,21.1,25,SA,43.5,6.89976,34,800,wild,acceptable,medium,"1, 2 & 3"
Aves,Psittaciformes,Cacatuidae,Nymphicus,hollandicus,Nymphicus_hollandicus,4.5,36,20.5,A,31.5,2.47604,5.68,90,captivity,acceptable,large,"1, 2 & 3"
Aves,Procellariiformes,Hydrobatidae,Oceanodroma,leucorhoa,Oceanodroma_leucorhoa,1,36,41.25,SP,66.75,0.92204,10.05,40.29,wild,acceptable,medium,"1, 2 & 3"
Aves,Columbiformes,Columbidae,Ocyphaps,lophotes,Ocyphaps_lophotes,2,6.166666667,18,A,15,1.7612,9,204.5,NA,NA,NA,"1, 2 & 3"
Aves,Passeriformes,Muscicapidae,Oenanthe,oenanthe,Oenanthe_oenanthe,5.5,10.08333333,14,A,15,0.80808,2.67,23.775,unknown,acceptable,medium,"1, 2 & 3"
Aves,Strigiformes,Strigidae,Otus,scops,Otus_scops,3.75,6.833333333,24.5,SA,25,2.57964,12.4,92,wild,acceptable,medium,"1, 2 & 3"
Aves,Anseriformes,Anatidae,Oxyura,jamaicensis,Oxyura_jamaicensis,8,13.6,23.5,P,55.75,3.64672,73,550,wild,acceptable,medium,"1, 2 & 3"
Aves,Procellariiformes,Procellariidae,Pachyptila,turtur,Pachyptila_turtur,1,10,55,SP,49,2.072,24.5,138.05,NA,NA,NA,"1, 2 & 3"
Aves,Passeriformes,Estrildidae,Padda,oryzivora,Padda_oryzivora,4.95,6,14,A,16,0.8806,1.83,24.8,unknown,low,large,"1, 2 & 3"
Aves,Procellariiformes,Procellariidae,Pagodroma,nivea,Pagodroma_nivea,1,46,45,SP,46,4.54804,48,317,wild,acceptable,medium,"1, 2 & 3"
Aves,Accipitriformes,Pandionidae,Pandion,haliaetus,Pandion_haliaetus,3,32,37.5,SA,52.5,9.71768,72,1527.5,wild,acceptable,medium,"1, 2 & 3"
Aves,Accipitriformes,Accipitridae,Parabuteo,unicinctus,Parabuteo_unicinctus,2.92,25,34.25,SA,40,8.26728,50,939.63,captivity,acceptable,large,"1, 2 & 3"
Aves,Passeriformes,Parulidae,Parula,americana,Parula_americana,4.5,7,13,A,10.5,0.40404,1.26,7.9,wild,acceptable,tiny,"1, 2 & 3"
Aves,Passeriformes,Paridae,Parus,atricapillus,Parus_atricapillus,6.95,12.41666667,12,A,16.5,0.78736,1.16,10.8,wild,acceptable,large,"1, 2 & 3"
Aves,Passeriformes,Paridae,Parus,carolinensis,Parus_carolinensis,6,10.91666667,13,A,16.7,0.6216,1.02,10.25,wild,acceptable,medium,"1, 2 & 3"
Aves,Passeriformes,Paridae,Parus,gambeli,Parus_gambeli,7.03,10.1,14,A,20,0.777,1.275,11.5185,wild,acceptable,small,"1, 2 & 3"
Aves,Passeriformes,Paridae,Parus,hudsonicus,Parus_hudsonicus,6.5,7,15,A,18,0.73556,1.2,9.8,wild,acceptable,tiny,"1, 2 & 3"
Aves,Passeriformes,Passeridae,Passer,domesticus,Passer_domesticus,4.35,23,11.75,A,15,1.00492,2.8,27.7,unknown,acceptable,medium,"1, 2 & 3"
Aves,Passeriformes,Passeridae,Passer,hispaniolensis,Passer_hispaniolensis,4.9,11.25,11,A,13.2,1.00492,2.74,24.2,wild,acceptable,medium,"1, 2 & 3"
Aves,Passeriformes,Emberizidae,Passerculus,sandwichensis,Passerculus_sandwichensis,4.04,18,12,A,11.5,0.70448,2.32,20.2,captivity,acceptable,medium,"1, 2 & 3"
Aves,Passeriformes,Cardinalidae,Passerina,cyanea,Passerina_cyanea,3.5,11,12.5,A,9.5,0.6734,1.88,14.7,wild,acceptable,medium,"1, 2 & 3"
Aves,Columbiformes,Columbidae,Patagioenas,fasciata,Patagioenas_fasciata,1.075,29.2,19,A,30,2.19632,16.3,352.5,wild,acceptable,large,"1, 2 & 3"
Aves,Columbiformes,Columbidae,Patagioenas,leucocephala,Patagioenas_leucocephala,1.5,14.41666667,13.5,A,20,1.80264,14.3,247,wild,acceptable,medium,"1, 2 & 3"
Aves,Galliformes,Phasianidae,Pavo,cristatus,Pavo_cristatus,5,25,28,P,14,7.10696,100.75,4093.75,captivity,acceptable,large,"1, 2 & 3"
Aves,Procellariiformes,Pelecanoididae,Pelecanoides,urinatrix,Pelecanoides_urinatrix,1,9,54,SP,53.9,1.75084,21.5,134,NA,NA,NA,"1, 2 & 3"
Aves,Pelecaniformes,Pelecanidae,Pelecanus,conspicillatus,Pelecanus_conspicillatus,2,50,33.5,A,60.88,25.77568,172.9,5452.5,NA,NA,NA,"1, 2 & 3"
Aves,Pelecaniformes,Pelecanidae,Pelecanus,erythrorhynchos,Pelecanus_erythrorhynchos,2,54,36,A,75,25.123,150,6129.5,wild,acceptable,medium,"1, 2 & 3"
Aves,Passeriformes,Corvidae,Perisoreus,canadensis,Perisoreus_canadensis,3.5,19.2,17,A,18,2.62108,6.7,71.1,wild,acceptable,small,"1, 2 & 3"
Aves,Passeriformes,Hirundinidae,Petrochelidon,fulva,Petrochelidon_fulva,4,24,15,A,19,0.518,1.96,19.13333334,wild,acceptable,small,"1, 2 & 3"
Aves,Phaethontiformes,Phaethontidae,Phaethon,rubricauda,Phaethon_rubricauda,1,32.7,44.5,SA,91.3,4.68272,71.75,645,wild,acceptable,small,"1, 2 & 3"
Aves,Suliformes,Phalacrocoracidae,Phalacrocorax,africanus,Phalacrocorax_africanus,4,12.33333333,24,A,28,4.69308,23,542.875,NA,NA,NA,"1, 2 & 3"
Aves,Suliformes,Phalacrocoracidae,Phalacrocorax,atriceps,Phalacrocorax_atriceps,2.5,10.91666667,29,A,56,14.63428618,54,3050.314564,NA,NA,NA,"1, 2 & 3"
Aves,Suliformes,Phalacrocoracidae,Phalacrocorax,carbo,Phalacrocorax_carbo,3.75,27.16666667,29,A,50,10.8262,58,2200,wild,acceptable,small,"1, 2 & 3"
Aves,Suliformes,Phalacrocoracidae,Phalacrocorax,varius,Phalacrocorax_varius,3.32,15.33333333,28.4,A,28,9.54156,45,1715,NA,NA,NA,"1, 2 & 3"
Aves,Charadriiformes,Scolopacidae,Phalaropus,fulicarius,Phalaropus_fulicarius,4,6.083333333,18.8,P,19.3,0.58016,7.5,55.9,NA,NA,NA,"1, 2 & 3"
Aves,Charadriiformes,Scolopacidae,Phalaropus,lobatus,Phalaropus_lobatus,3.955,12.9,18.5,P,19,0.4662,6.3,35,wild,acceptable,tiny,"1, 2 & 3"
Aves,Galliformes,Phasianidae,Phasianus,colchicus,Phasianus_colchicus,11,27,24,P,11,3.99896,31.2,1043.75,captivity,high,large,"1, 2 & 3"
Aves,Passeriformes,Cardinalidae,Pheucticus,ludovicianus,Pheucticus_ludovicianus,3.95,24,12.5,A,10.5,1.36752,4.08,45.1,unknown,acceptable,medium,"1, 2 & 3"
Aves,Passeriformes,Meliphagidae,Philemon,corniculatus,Philemon_corniculatus,2.94,9.833333333,16,A,18.5,2.05128,8.55,103.375,NA,NA,NA,"1, 2 & 3"
Aves,Charadriiformes,Scolopacidae,Philomachus,pugnax,Philomachus_pugnax,4,13.91666667,21.5,P,26.5,1.61616,21,140.25,wild,acceptable,medium,"1, 2 & 3"
Aves,Procellariiformes,Diomedeidae,Phoebastria,nigripes,Phoebastria_nigripes,1,40.7,65,SP,140,16.3688,290.5,3195,wild,acceptable,large,"1, 2 & 3"
Aves,Procellariiformes,Diomedeidae,Phoebetria,palpebrata,Phoebetria_palpebrata,1,20.08333333,67,SP,140,17.54984,247.5,2825,NA,NA,NA,"1, 2 & 3"
Aves,Phoenicopteriformes,Phoenicopteridae,Phoenicopterus,roseus,Phoenicopterus_roseus,1,44,30,SA,72.5,10.83050992,142,2599.30661,captivity,acceptable,large,"1, 2 & 3"
Aves,Phoenicopteriformes,Phoenicopteridae,Phoenicopterus,ruber,Phoenicopterus_ruber,1,44,30,SA,72.5,11.1888,142,3043.5,unknown,low,medium,"1, 2 & 3"
Aves,Passeriformes,Muscicapidae,Phoenicurus,phoenicurus,Phoenicurus_phoenicurus,6.18,10.25,13.5,A,13,0.52836,1.9,14.85,wild,acceptable,medium,"1, 2 & 3"
Aves,Passeriformes,Meliphagidae,Phylidonyris,novaehollandiae,Phylidonyris_novaehollandiae,2.45,11.91666667,14,A,14,0.9324,2.56,18.5,NA,NA,NA,"1, 2 & 3"
Aves,Passeriformes,Phylloscopidae,Phylloscopus,sibilatrix,Phylloscopus_sibilatrix,5.9,10.25,13,A,12,0.37296,1.32,9.95,wild,acceptable,medium,"1, 2 & 3"
Aves,Passeriformes,Corvidae,Pica,pica,Pica_pica,6,21.7,19.25,A,25.75,4.83812,9.9,213.375,wild,acceptable,medium,"1, 2 & 3"
Aves,Piciformes,Picidae,Picoides,arcticus,Picoides_arcticus,3.66,4.916666667,13,A,25,3.2634,4.8,72,NA,NA,NA,"1, 2 & 3"
Aves,Piciformes,Picidae,Picoides,borealis,Picoides_borealis,3.26,16.1,11,A,25.5,1.71976,4.3,48,wild,acceptable,medium,"1, 2 & 3"
Aves,Piciformes,Picidae,Picoides,pubescens,Picoides_pubescens,4.8,11.91666667,12,A,21.75,1.25356,2.5,27.5,wild,acceptable,medium,"1, 2 & 3"
Aves,Piciformes,Picidae,Picoides,tridactylus,Picoides_tridactylus,3.865,11.25,13,A,24,2.72468,4.5,65.65,wild,acceptable,medium,"1, 2 & 3"
Aves,Piciformes,Picidae,Picoides,villosus,Picoides_villosus,3.93,15.91666667,14,A,29,3.0562,4.4,65.875,wild,acceptable,medium,"1, 2 & 3"
Aves,Piciformes,Picidae,Picus,canus,Picus_canus,7.5,7.7,15.5,A,25,3.81248,6.5,137,unknown,low,small,"1, 2 & 3"
Aves,Passeriformes,Fringillidae,Pinicola,enucleator,Pinicola_enucleator,3.8,9.8,13.25,A,20,1.63688,4.3,57,wild,acceptable,small,"1, 2 & 3"
Aves,Psittaciformes,Psittacidae,Pionus,menstruus,Pionus_menstruus,3.5,20.6,26.5,A,57.5,5.9052,12,251,captivity,acceptable,medium,"1, 2 & 3"
Aves,Passeriformes,Emberizidae,Pipilo,erythrophthalmus,Pipilo_erythrophthalmus,3.625,12.3,12.5,A,11,1.40896,3.87,40.3,wild,acceptable,medium,"1, 2 & 3"
Aves,Passeriformes,Cardinalidae,Piranga,ludoviciana,Piranga_ludoviciana,3.755,15.3,13,A,13,1.01528,3.37,30,unknown,acceptable,medium,"1, 2 & 3"
Aves,Passeriformes,Cardinalidae,Piranga,rubra,Piranga_rubra,4,7.916666667,12,A,10,1.05672,3.54,30,wild,acceptable,small,"1, 2 & 3"
Aves,Pelecaniformes,Threskiornithidae,Platalea,alba,Platalea_alba,3,17.9,26,SP,35,10,69,1521,captivity,acceptable,small,"1, 2 & 3"
Aves,Pelecaniformes,Threskiornithidae,Platalea,flavipes,Platalea_flavipes,3.025,28.6,28.5,SP,28,11.52032,81,1842.5,captivity,acceptable,small,"1, 2 & 3"
Aves,Pelecaniformes,Threskiornithidae,Platalea,regia,Platalea_regia,3.5,30.1,24.5,SP,47.5,11.44287361,76,1788.262934,NA,NA,NA,"1, 2 & 3"
Aves,Psittaciformes,Psittacidae,Platycercus,elegans,Platycercus_elegans,5,26.8,21,A,35,4,8.45,129.75,captivity,acceptable,medium,"1, 2 & 3"
Aves,Psittaciformes,Psittacidae,Platycercus,eximius,Platycercus_eximius,5.6,27.4,19.5,A,35,3.11836,7.05,104,captivity,acceptable,medium,"1, 2 & 3"
Aves,Psittaciformes,Psittacidae,Platycercus,icterotis,Platycercus_icterotis,5.3,31.6,19,A,30,2.46568,6.1,62.25,captivity,questionable,small,"1, 2 & 3"
Aves,Psittaciformes,Psittacidae,Platycercus,venustus,Platycercus_venustus,3.25,19.1,20,A,49,2.65216,6.3,89.5,captivity,acceptable,tiny,"1, 2 & 3"
Aves,Passeriformes,Calcariidae,Plectrophenax,nivalis,Plectrophenax_nivalis,5.23,9.6,12,A,13.5,1.05672,3.12,40.33333333,wild,acceptable,medium,"1, 2 & 3"
Aves,Anseriformes,Anatidae,Plectropterus,gambensis,Plectropterus_gambensis,9.5,11.3,31.5,P,75,12.56668,139,4480,captivity,acceptable,medium,"1, 2 & 3"
Aves,Pelecaniformes,Threskiornithidae,Plegadis,chihi,Plegadis_chihi,3.06,20.4,21.25,SP,12,5.22144,36,583.75,captivity,acceptable,medium,"1, 2 & 3"
Aves,Pelecaniformes,Threskiornithidae,Plegadis,falcinellus,Plegadis_falcinellus,3.5,26.8,21,SP,42,5.30432,38,633.75,captivity,high,large,"1, 2 & 3"
Aves,Passeriformes,Ploceidae,Ploceus,cucullatus,Ploceus_cucullatus,2.55,24,12,A,17.6,1.41932,3.04,37.55,captivity,acceptable,medium,"1, 2 & 3"
Aves,Charadriiformes,Charadriidae,Pluvialis,apricaria,Pluvialis_apricaria,4,12.8,30.7,P,29,2.31028,33,213.25,wild,acceptable,medium,"1, 2 & 3"
Aves,Charadriiformes,Charadriidae,Pluvialis,dominica,Pluvialis_dominica,3.93,25.91666667,28.25,P,33,1.88552,26.45,151,wild,questionable,small,"1, 2 & 3"
Aves,Charadriiformes,Charadriidae,Pluvialis,fulva,Pluvialis_fulva,3.935,25.91666667,26,P,33,1.709784166,26.45,145.0386125,wild,acceptable,small,"1, 2 & 3"
Aves,Charadriiformes,Charadriidae,Pluvialis,squatarola,Pluvialis_squatarola,4,25.58333333,26.75,P,23,2.65216,34.2,224,wild,acceptable,medium,"1, 2 & 3"
Aves,Podicipediformes,Podicipedidae,Podiceps,auritus,Podiceps_auritus,4.125,13,23.5,P,57.75,2.51748,22.5,420.5833333,unknown,low,small,"1, 2 & 3"
Aves,Podicipediformes,Podicipedidae,Podiceps,cristatus,Podiceps_cristatus,3.77,19.25,28,P,75,3.22196,40.75,739,wild,acceptable,medium,"1, 2 & 3"
Aves,Podicipediformes,Podicipedidae,Podiceps,grisegena,Podiceps_grisegena,4.5,11,21.5,P,66,4.18544,30.75,946.5,wild,questionable,small,"1, 2 & 3"
Aves,Podicipediformes,Podicipedidae,Podiceps,nigricollis,Podiceps_nigricollis,3.46,13.08333333,21,P,45,1.75084,21,380,wild,acceptable,small,"1, 2 & 3"
Aves,Psittaciformes,Psittacidae,Poicephalus,meyeri,Poicephalus_meyeri,3,34.2,30,A,56,4.56876,8.325,116.75,captivity,acceptable,medium,"1, 2 & 3"
Aves,Psittaciformes,Psittacidae,Poicephalus,senegalus,Poicephalus_senegalus,3,40,25,A,63,4.87956,9,147,captivity,acceptable,large,"1, 2 & 3"
Aves,Falconiformes,Falconidae,Polihierax,semitorquatus,Polihierax_semitorquatus,3,20,28.5,SA,30,1.52292,8.5,61.025,NA,NA,NA,"1, 2 & 3"
Aves,Passeriformes,Polioptilidae,Polioptila,caerulea,Polioptila_caerulea,4.25,4.2,14,A,12.25,0.3108,0.965,6.125,wild,acceptable,medium,"1, 2 & 3"
Aves,Anseriformes,Anatidae,Polysticta,stelleri,Polysticta_stelleri,7,23,26,P,50,5.47008,55.1,842,wild,acceptable,medium,"1, 2 & 3"
Aves,Psittaciformes,Psittacidae,Polytelis,alexandrae,Polytelis_alexandrae,4.9,23.9,22,A,38.5,2.67288,7.75,104.15,captivity,acceptable,medium,"1, 2 & 3"
Aves,Psittaciformes,Psittacidae,Polytelis,anthopeplus,Polytelis_anthopeplus,4.8,27.5,21,A,42,3.9886,9.4,170,captivity,acceptable,medium,"1, 2 & 3"
Aves,Psittaciformes,Psittacidae,Polytelis,swainsonii,Polytelis_swainsonii,5,24.2,20,A,37.5,3.4706,8.1,153,captivity,acceptable,medium,"1, 2 & 3"
Aves,Passeriformes,Pomatostomidae,Pomatostomus,temporalis,Pomatostomus_temporalis,2.7,5.333333333,20.5,A,21,1.9684,5.14,71,NA,NA,NA,"1, 2 & 3"
Aves,Passeriformes,Emberizidae,Pooecetes,gramineus,Pooecetes_gramineus,3.98,7.9,12,A,9.25,0.8133182,2.52,25.99749013,wild,acceptable,medium,"1, 2 & 3"
Aves,Gruiformes,Rallidae,Porphyrio,porphyrio,Porphyrio_porphyrio,4,22,24,P,60,4.8692,41.5,850,NA,NA,NA,"1, 2 & 3"
Aves,Psittaciformes,Cacatuidae,Probosciger,aterrimus,Probosciger_aterrimus,1,100,33,A,105,21.238,42.8,841,captivity,acceptable,medium,"1, 2 & 3"
Aves,Procellariiformes,Procellariidae,Procellaria,aequinoctialis,Procellaria_aequinoctialis,1,30,60,SP,95,9.31364,124,1300,NA,NA,NA,"1, 2 & 3"
Aves,Passeriformes,Hirundinidae,Progne,subis,Progne_subis,4.79,13.8,15.5,A,28,1.06708,3.9,51.45,wild,acceptable,medium,"1, 2 & 3"
Aves,Passeriformes,Parulidae,Protonotaria,citrea,Protonotaria_citrea,4.95,8.1,13,A,11.25,0.61124,2.08,14.95,wild,acceptable,small,"1, 2 & 3"
Aves,Passeriformes,Prunellidae,Prunella,modularis,Prunella_modularis,4.9,20.83333333,12.5,A,12.5,0.80808,2.13,20.2,wild,acceptable,large,"1, 2 & 3"
Aves,Passeriformes,Aegithalidae,Psaltriparus,minimus,Psaltriparus_minimus,6,9.083333333,12,A,18,0.3626,0.72,5.3,wild,acceptable,small,"1, 2 & 3"
Aves,Psittaciformes,Psittacidae,Psephotus,dissimilis,Psephotus_dissimilis,4.3,18,19,A,28,1.80264,2.9,46.8,captivity,acceptable,small,"1, 2 & 3"
Aves,Psittaciformes,Psittacidae,Psephotus,haematonotus,Psephotus_haematonotus,5,12.2,18.75,A,31,2.04092,4.5,61.4,captivity,acceptable,medium,"1, 2 & 3"
Aves,Psittaciformes,Psittacidae,Psephotus,varius,Psephotus_varius,5.3,11.8,20,A,28,1.85444,4.45,61.15,captivity,acceptable,small,"1, 2 & 3"
Aves,Psittaciformes,Psittacidae,Psittacula,cyanocephala,Psittacula_cyanocephala,4.5,18.8,24,A,42,2.3,5.55,66,captivity,questionable,medium,"1, 2 & 3"
Aves,Psittaciformes,Psittacidae,Psittacula,eupatria,Psittacula_eupatria,3.25,30,21,A,49,5.73944,14.4,239,captivity,acceptable,medium,"1, 2 & 3"
Aves,Psittaciformes,Psittacidae,Psittacula,krameri,Psittacula_krameri,4,34,23,A,45.5,4.0404,9.05,127.25,captivity,acceptable,large,"1, 2 & 3"
Aves,Psittaciformes,Psittacidae,Psittacus,erithacus,Psittacus_erithacus,3,73,30,A,70,9.51048,18.7,333,captivity,acceptable,large,"1, 2 & 3"
Aves,Procellariiformes,Procellariidae,Pterodroma,leucoptera,Pterodroma_leucoptera,1,32.7,47.33,SP,80.5,2.56928,36,147.5,wild,acceptable,medium,"1, 2 & 3"
Aves,Procellariiformes,Procellariidae,Pterodroma,macroptera,Pterodroma_macroptera,1,18,54.5,SP,124.5,5.05568,80,578.5,NA,NA,NA,"1, 2 & 3"
Aves,Passeriformes,Ptilonorhynchidae,Ptilonorhynchus,violaceus,Ptilonorhynchus_violaceus,2.1,21,21.5,A,19.5,4.88992,20,213,NA,NA,NA,"1, 2 & 3"
Aves,Charadriiformes,Alcidae,Ptychoramphus,aleuticus,Ptychoramphus_aleuticus,1,16.2,37.5,SP,43.5,2.13416,29.7,184,wild,acceptable,medium,"1, 2 & 3"
Aves,Procellariiformes,Procellariidae,Puffinus,griseus,Puffinus_griseus,1,34,56,SP,97,5.50116,95,787,unknown,acceptable,medium,"1, 2 & 3"
Aves,Procellariiformes,Procellariidae,Puffinus,pacificus,Puffinus_pacificus,1,29,53,SP,107.5,4.11292,58,393,wild,acceptable,medium,"1, 2 & 3"
Aves,Procellariiformes,Procellariidae,Puffinus,tenuirostris,Puffinus_tenuirostris,1,39.9,53.25,SP,94,4.662,82,543,wild,acceptable,medium,"1, 2 & 3"
Aves,Psittaciformes,Psittacidae,Purpureicephalus,spurius,Purpureicephalus_spurius,5.15,15.3,20,A,35,3.61564,7.15,115.625,captivity,acceptable,small,"1, 2 & 3"
Aves,Passeriformes,Pycnonotidae,Pycnonotus,jocosus,Pycnonotus_jocosus,2.5,11.16666667,12.5,A,13,0.96348,2.97,27.7,wild,acceptable,medium,"1, 2 & 3"
Aves,Sphenisciformes,Spheniscidae,Pygoscelis,adeliae,Pygoscelis_adeliae,2,18,34,SA,51,20.36776,118,4850,NA,NA,NA,"1, 2 & 3"
Aves,Passeriformes,Tyrannidae,Pyrocephalus,rubinus,Pyrocephalus_rubinus,2.865,5.5,14.25,A,15,0.47656,1.61,14.025,wild,acceptable,medium,"1, 2 & 3"
Aves,Passeriformes,Corvidae,Pyrrhocorax,pyrrhocorax,Pyrrhocorax_pyrrhocorax,4,24.4,19.25,A,35,6.60968,16.25,247.75,captivity,acceptable,medium,"1, 2 & 3"
Aves,Passeriformes,Icteridae,Quiscalus,major,Quiscalus_major,3,13.91666667,13.25,A,21.5,2.88008,8,166,wild,questionable,medium,"1, 2 & 3"
Aves,Passeriformes,Icteridae,Quiscalus,mexicanus,Quiscalus_mexicanus,3.295,12.5,13.5,A,21.5,3.06656,7.8,168.7,wild,questionable,medium,"1, 2 & 3"
Aves,Passeriformes,Icteridae,Quiscalus,quiscula,Quiscalus_quiscula,5,23.1,14,A,15,2.68324,6.8,111,wild,acceptable,medium,"1, 2 & 3"
Aves,Gruiformes,Rallidae,Rallus,aquaticus,Rallus_aquaticus,8.5,8.916666667,20.5,P,52.5,1.79228,13.1,115.5,wild,acceptable,medium,"1, 2 & 3"
Aves,Gruiformes,Rallidae,Rallus,longirostris,Rallus_longirostris,10,7.5,22,P,64.75,2.47604,20.05,294.8333334,wild,acceptable,medium,"1, 2 & 3"
Aves,Charadriiformes,Recurvirostridae,Recurvirostra,americana,Recurvirostra_americana,4,15,24.1,P,31.5,2.1756,28.7,309.25,unknown,low,small,"1, 2 & 3"
Aves,Charadriiformes,Recurvirostridae,Recurvirostra,avosetta,Recurvirostra_avosetta,3.695,27.83333333,23.7,P,38.5,2,31.7,304,wild,acceptable,medium,"1, 2 & 3"
Aves,Passeriformes,Regulidae,Regulus,calendula,Regulus_calendula,8,5.6,12,A,12,0.32116,0.845,6.575,wild,acceptable,small,"1, 2 & 3"
Aves,Passeriformes,Regulidae,Regulus,satrapa,Regulus_satrapa,8,6.333333333,14,A,18.5,0.37296,0.76,6.103333333,wild,acceptable,small,"1, 2 & 3"
Aves,Passeriformes,Hirundinidae,Riparia,riparia,Riparia_riparia,4.49,10,14.75,A,18,0.42476,1.43,13.4,wild,acceptable,large,"1, 2 & 3"
Aves,Charadriiformes,Laridae,Rissa,tridactyla,Rissa_tridactyla,2,28.5,27.15,SP,42.7,4.46516,51.8,407.75,wild,acceptable,medium,"1, 2 & 3"
Aves,Accipitriformes,Accipitridae,Rostrhamus,sociabilis,Rostrhamus_sociabilis,3,17,30,SA,30,5.27324,32.15,382.5833333,wild,acceptable,tiny,"1, 2 & 3"
Aves,Charadriiformes,Laridae,Rynchops,niger,Rynchops_niger,3.75,20.25,23,SP,35,2.73504,26.75,299.5,wild,acceptable,medium,"1, 2 & 3"
Aves,Accipitriformes,Sagittariidae,Sagittarius,serpentarius,Sagittarius_serpentarius,2,18.6,43.5,SA,83.5,15.54,130,3900,NA,NA,NA,"1, 2 & 3"
Aves,Accipitriformes,Cathartidae,Sarcoramphus,papa,Sarcoramphus_papa,1,40,57,SA,85,19.22816,195,3402.5,captivity,acceptable,small,"1, 2 & 3"
Aves,Passeriformes,Muscicapidae,Saxicola,torquatus,Saxicola_torquatus,5.16,8.833333333,14.5,A,14,0.63196,1.985,14.7,wild,acceptable,medium,"1, 2 & 3"
Aves,Passeriformes,Tyrannidae,Sayornis,nigricans,Sayornis_nigricans,4,8,16.25,A,21,0.50764,2.13,18.25,wild,acceptable,medium,"1, 2 & 3"
Aves,Passeriformes,Tyrannidae,Sayornis,phoebe,Sayornis_phoebe,4.87,10.33333333,16,A,16,0.61124,2.31,19.7,unknown,acceptable,medium,"1, 2 & 3"
Aves,Passeriformes,Tyrannidae,Sayornis,saya,Sayornis_saya,4.5,5,13.5,A,15,0.63196,2.3,21,unknown,low,small,"1, 2 & 3"
Aves,Charadriiformes,Scolopacidae,Scolopax,minor,Scolopax_minor,4,20.9,20.25,P,14.5,2.09272,17.45,196.25,wild,acceptable,large,"1, 2 & 3"
Aves,Passeriformes,Parulidae,Seiurus,aurocapilla,Seiurus_aurocapilla,4.5,11,12,A,9.25,0.7252,2.59,19.4,wild,acceptable,medium,"1, 2 & 3"
Aves,Apodiformes,Trochilidae,Selasphorus,rufus,Selasphorus_rufus,2,8.916666667,16,A,20,0.16576,0.5,3.5,wild,acceptable,small,"1, 2 & 3"
Aves,Passeriformes,Acanthizidae,Sericornis,frontalis,Sericornis_frontalis,2.7,17.6,17.5,A,13,0.833907448,2.45,13.19713816,wild,acceptable,large,"1, 2 & 3"
Aves,Passeriformes,Ptilonorhynchidae,Sericulus,chrysocephalus,Sericulus_chrysocephalus,1.5,30,23,A,20.5,3.46024,13.8,100,NA,NA,NA,"1, 2 & 3"
Aves,Passeriformes,Parulidae,Setophaga,ruticilla,Setophaga_ruticilla,4,10.1,12,A,8.5,0.37296,1.33,8.35,wild,acceptable,medium,"1, 2 & 3"
Aves,Passeriformes,Turdidae,Sialia,mexicana,Sialia_mexicana,5,8.666666667,13.8,A,21,0.87024,3,27.05,wild,acceptable,medium,"1, 2 & 3"
Aves,Passeriformes,Turdidae,Sialia,sialis,Sialia_sialis,4.41,10.5,14.1,A,18.15,1.02564,3.1,29.65,wild,acceptable,medium,"1, 2 & 3"
Aves,Passeriformes,Sittidae,Sitta,canadensis,Sitta_canadensis,5.5,7.5,12,A,19.5,0.59052,1.15,10.35,wild,acceptable,small,"1, 2 & 3"
Aves,Passeriformes,Sittidae,Sitta,carolinensis,Sitta_carolinensis,8,9.834,12,A,14.5,0.89096,1.945,21,wild,acceptable,medium,"1, 2 & 3"
Aves,Passeriformes,Sittidae,Sitta,pygmaea,Sitta_pygmaea,7,8.2,15.8,A,21.5,0.5698,1.1,10.6,wild,acceptable,small,"1, 2 & 3"
Aves,Anseriformes,Anatidae,Somateria,mollissima,Somateria_mollissima,4.15,37.8,26,P,58,7.97,110,2092,wild,acceptable,medium,"1, 2 & 3"
Aves,Anseriformes,Anatidae,Somateria,spectabilis,Somateria_spectabilis,4.7,18.91666667,23.25,P,30,7.65604,69.85,1650,wild,questionable,small,"1, 2 & 3"
Aves,Sphenisciformes,Spheniscidae,Spheniscus,humboldti,Spheniscus_humboldti,2,30,41.5,SA,77,16.55528,114,4379,unknown,low,medium,"1, 2 & 3"
Aves,Piciformes,Picidae,Sphyrapicus,nuchalis,Sphyrapicus_nuchalis,4.9,7.75,12,A,27,1.31572,3.7,50.3,wild,acceptable,medium,"1, 2 & 3"
Aves,Piciformes,Picidae,Sphyrapicus,varius,Sphyrapicus_varius,5,7.75,12,A,27,1.3468,3.55,50.3,wild,acceptable,medium,"1, 2 & 3"
Aves,Passeriformes,Cardinalidae,Spiza,americana,Spiza_americana,4,4.833333333,12,A,10.25,0.94276,2.75,26.9,wild,acceptable,medium,"1, 2 & 3"
Aves,Passeriformes,Emberizidae,Spizella,arborea,Spizella_arborea,4.48,10.8,12.25,A,15,0.76664,2.195,17.85,wild,acceptable,large,"1, 2 & 3"
Aves,Passeriformes,Hirundinidae,Stelgidopteryx,ruficollis,Stelgidopteryx_ruficollis,5.2,5.916666667,14.75,A,19.5,0.54908,1.74,16,wild,acceptable,medium,"1, 2 & 3"
Aves,Accipitriformes,Accipitridae,Stephanoaetus,coronatus,Stephanoaetus_coronatus,1.81,18,49,SA,112.5,14.56616,112,3643.75,NA,NA,NA,"1, 2 & 3"
Aves,Charadriiformes,Stercorariidae,Stercorarius,parasiticus,Stercorarius_parasiticus,2,31.1,26.25,SP,27.5,4.03004,50.3,450,wild,acceptable,medium,"1, 2 & 3"
Aves,Charadriiformes,Laridae,Sterna,albifrons,Sterna_albifrons,2.2,23.917,21.25,SP,22.25,0.9,10,57.16666667,wild,acceptable,medium,"1, 2 & 3"
Aves,Charadriiformes,Laridae,Sterna,bergii,Sterna_bergii,1,20.34,27.5,SP,39,3.48096,60,334.5,NA,NA,NA,"1, 2 & 3"
Aves,Charadriiformes,Laridae,Sterna,caspia,Sterna_caspia,2.225,30,23.5,SP,37,4.713200287,65,565.0984705,NA,NA,NA,"1, 2 & 3"
Aves,Charadriiformes,Laridae,Sterna,fuscata,Sterna_fuscata,1,35.8,28.5,SP,57.3,2.40352,37.5,183,wild,acceptable,medium,"1, 2 & 3"
Aves,Charadriiformes,Laridae,Sterna,hirundo,Sterna_hirundo,2.5,33,22.75,SP,26.75,1.94768,21,124,wild,acceptable,medium,"1, 2 & 3"
Aves,Charadriiformes,Laridae,Sterna,maxima,Sterna_maxima,1.5,28.6,29.25,SP,30.5,3.948623921,68.25,438.3422509,NA,NA,NA,"1, 2 & 3"
Aves,Columbiformes,Columbidae,Stigmatopelia,chinensis,Stigmatopelia_chinensis,2,9.8,14.5,A,15,1.3986,7.3,159,wild,acceptable,medium,"1, 2 & 3"
Aves,Columbiformes,Columbidae,Stigmatopelia,senegalensis,Stigmatopelia_senegalensis,2,5.75,13,A,15.5,1.28464,6.6,101,NA,NA,NA,"1, 2 & 3"
Aves,Passeriformes,Cracticidae,Strepera,graculina,Strepera_graculina,3,13,21,A,30,5.53224,18.3,283.5,NA,NA,NA,"1, 2 & 3"
Aves,Columbiformes,Columbidae,Streptopelia,turtur,Streptopelia_turtur,2,13.2,13.5,A,18,1.44004,8.2,134.25,wild,acceptable,medium,"1, 2 & 3"
Aves,Psittaciformes,Strigopidae,Strigops,habroptila,Strigops_habroptila,2.35,60,30,A,106.54,17.094,36,1750,captivity,acceptable,small,"1, 2 & 3"
Aves,Strigiformes,Strigidae,Strix,aluco,Strix_aluco,3.1,22.41666667,29.7,SA,31.2,9.2858,38.75,496.5,wild,acceptable,medium,"1, 2 & 3"
Aves,Strigiformes,Strigidae,Strix,nebulosa,Strix_nebulosa,4,27,29.5,SA,63.75,15.18776,52.5,1078.75,wild,acceptable,small,"1, 2 & 3"
Aves,Strigiformes,Strigidae,Strix,uralensis,Strix_uralensis,2.9,23.834,28,SA,40,11.61356,46,783,wild,acceptable,medium,"1, 2 & 3"
Aves,Strigiformes,Strigidae,Strix,varia,Strix_varia,2.5,24,28,SA,42,13.0018,47.2,716.5,wild,acceptable,medium,"1, 2 & 3"
Aves,Passeriformes,Corcoracidae,Struthidea,cinerea,Struthidea_cinerea,3.35,25,18.5,A,23,3.08728,6.9,131,captivity,acceptable,small,"1, 2 & 3"
Aves,Passeriformes,Icteridae,Sturnella,neglecta,Sturnella_neglecta,4.83,10,14,A,11,2.00984,6.2,97.7,captivity,acceptable,tiny,"1, 2 & 3"
Aves,Passeriformes,Sturnidae,Sturnus,vulgaris,Sturnus_vulgaris,5,22.91666667,12,A,21,2.04092,7,77.675,wild,acceptable,large,"1, 2 & 3"
Aves,Suliformes,Sulidae,Sula,leucogaster,Sula_leucogaster,2,30,42,A,98,9.36544,53,1209.05,wild,acceptable,medium,"1, 2 & 3"
Aves,Strigiformes,Strigidae,Surnia,ulula,Surnia_ulula,7,16.16666667,27.25,SA,30,7.74928,21.8,308.5,wild,acceptable,medium,"1, 2 & 3"
Aves,Passeriformes,Sylviidae,Sylvia,atricapilla,Sylvia_atricapilla,4.5,13.83333333,11,A,11,0.6734,2.19,18.325,wild,acceptable,medium,"1, 2 & 3"
Aves,Passeriformes,Sylviidae,Sylvia,borin,Sylvia_borin,4.5,24,11.5,A,10.5,0.64232,2.23,19.55,captivity,acceptable,small,"1, 2 & 3"
Aves,Passeriformes,Hirundinidae,Tachycineta,bicolor,Tachycineta_bicolor,5,12.1,14.5,A,20,0.5698,1.76,20.8,wild,acceptable,medium,"1, 2 & 3"
Aves,Passeriformes,Hirundinidae,Tachycineta,thalassina,Tachycineta_thalassina,4.5,9.083333333,13.75,A,24,0.47656,1.635,14.15,wild,acceptable,medium,"1, 2 & 3"
Aves,Anseriformes,Anatidae,Tadorna,tadorna,Tadorna_tadorna,8.95,24.8,30,P,53.75,5.52188,78,1094,wild,acceptable,medium,"1, 2 & 3"
Aves,Anseriformes,Anatidae,Tadorna,tadornoides,Tadorna_tadornoides,10.2,8.25,30,P,60,6.03988,91.5,1364,NA,NA,NA,"1, 2 & 3"
Aves,Anseriformes,Anatidae,Tadorna,variegata,Tadorna_variegata,9,11.16666667,30,P,59.5,6.17456,89.55,1415,NA,NA,NA,"1, 2 & 3"
Aves,Passeriformes,Estrildidae,Taeniopygia,guttata,Taeniopygia_guttata,4.5,14.5,14.15,A,21,0.45584,0.98,11.93333333,unknown,acceptable,large,"1, 2 & 3"
Aves,Accipitriformes,Accipitridae,Terathopius,ecaudatus,Terathopius_ecaudatus,1,55,55,SA,112.5,15.21884,168,2278.166667,unknown,questionable,small,"1, 2 & 3"
Aves,Procellariiformes,Diomedeidae,Thalassarche,cauta,Thalassarche_cauta,1,40,69,SP,144.59,20.03624,256.5,4012.5,NA,NA,NA,"1, 2 & 3"
Aves,Procellariiformes,Diomedeidae,Thalassarche,chrysostoma,Thalassarche_chrysostoma,1,47.16666667,72,SP,106,19.8394,269,3700,wild,acceptable,medium,"1, 2 & 3"
Aves,Procellariiformes,Diomedeidae,Thalassarche,melanophrys,Thalassarche_melanophrys,1,43.7,68,SP,101.5,18.52368,258,3440,wild,acceptable,medium,"1, 2 & 3"
Aves,Passeriformes,Thraupidae,Thraupis,episcopus,Thraupis_episcopus,2,9.5,13.25,A,17.5,1.14996,3.13,35,wild,acceptable,medium,"1, 2 & 3"
Aves,Pelecaniformes,Threskiornithidae,Threskiornis,aethiopicus,Threskiornis_aethiopicus,2.24,37,28.5,SP,37.5,10.60864,62,1530,captivity,acceptable,large,"1, 2 & 3"
Aves,Pelecaniformes,Threskiornithidae,Threskiornis,molucca,Threskiornis_molucca,2.73,37,28.5,SP,37.5,10.2564,62,1615.5,captivity,acceptable,small,"1, 2 & 3"
Aves,Pelecaniformes,Threskiornithidae,Threskiornis,spinicollis,Threskiornis_spinicollis,2.75,39.4,24.5,SP,28,8.71276,69,1351.375,captivity,acceptable,medium,"1, 2 & 3"
Aves,Passeriformes,Troglodytidae,Thryomanes,bewickii,Thryomanes_bewickii,5.82,8,14,A,14,0.53872,1.41,9.9,wild,acceptable,small,"1, 2 & 3"
Aves,Passeriformes,Troglodytidae,Thryothorus,ludovicianus,Thryothorus_ludovicianus,4.435,9.2,14,A,13.5,0.8806,2.175,19.56666667,wild,acceptable,medium,"1, 2 & 3"
Aves,Coraciiformes,Alcedinidae,Todiramphus,sanctus,Todiramphus_sanctus,4.635,8.083333333,17.5,A,26.5,1.06708,7.4,53.95,NA,NA,NA,"1, 2 & 3"
Aves,Coraciiformes,Todidae,Todus,mexicanus,Todus_mexicanus,2.5,12.58333333,21.5,A,19.5,0.4144,1.44,5.95,wild,acceptable,medium,"1, 2 & 3"
Aves,Passeriformes,Mimidae,Toxostoma,curvirostre,Toxostoma_curvirostre,3.62,10.8,13,A,15,2.20668,5.875,78.7,wild,acceptable,small,"1, 2 & 3"
Aves,Passeriformes,Mimidae,Toxostoma,rufum,Toxostoma_rufum,3.9,12.834,13,A,12.15,2.072,5.4,68.65,wild,acceptable,medium,"1, 2 & 3"
Aves,Psittaciformes,Psittacidae,Trichoglossus,haematodus,Trichoglossus_haematodus,2,16.1,25,A,52.5,3.7333296,7.2,119.55,captivity,questionable,large,"1, 2 & 3"
Aves,Charadriiformes,Scolopacidae,Tringa,flavipes,Tringa_flavipes,4,4.8,22.75,P,22,1.10852,17.45,81.7,unknown,low,tiny,"1, 2 & 3"
Aves,Charadriiformes,Scolopacidae,Tringa,glareola,Tringa_glareola,4,11.6,22.5,P,29,1.07744,13.5,67,wild,acceptable,medium,"1, 2 & 3"
Aves,Charadriiformes,Scolopacidae,Tringa,nebularia,Tringa_nebularia,4,24.417,24.3,P,28,1.6675,30.5,175.5,wild,acceptable,medium,"1, 2 & 3"
Aves,Passeriformes,Troglodytidae,Troglodytes,aedon,Troglodytes_aedon,6.3,9,14,A,16.5,0.54908,1.5,11,wild,acceptable,medium,"1, 2 & 3"
Aves,Passeriformes,Turdidae,Turdus,merula,Turdus_merula,4,21.83333333,13.5,A,13.5,1.9684,7.2,102,wild,acceptable,medium,"1, 2 & 3"
Aves,Passeriformes,Turdidae,Turdus,migratorius,Turdus_migratorius,3.43,17,13,A,14.3,1.69904,6.7,78.78333333,unknown,acceptable,medium,"1, 2 & 3"
Aves,Passeriformes,Turdidae,Turdus,philomelos,Turdus_philomelos,4,17.7,11.5,A,15,1.68868,6.25,68.8,wild,acceptable,medium,"1, 2 & 3"
Aves,Passeriformes,Tyrannidae,Tyrannus,tyrannus,Tyrannus_tyrannus,3.5,11.1,12.5,A,14.95,0.9842,4.18,40.125,wild,acceptable,small,"1, 2 & 3"
Aves,Passeriformes,Tyrannidae,Tyrannus,verticalis,Tyrannus_verticalis,3.83,6.916666667,13,A,15.25,1.01528,3.88,39.6,wild,acceptable,tiny,"1, 2 & 3"
Aves,Strigiformes,Tytonidae,Tyto,alba,Tyto_alba,5.15,34,31.9,SA,54,6.74436,20.7,381.6,wild,acceptable,medium,"1, 2 & 3"
Aves,Bucerotiformes,Upupidae,Upupa,epops,Upupa_epops,5.7,11.1,15.5,A,27.5,1.3986,4.45,66.25,wild,acceptable,medium,"1, 2 & 3"
Aves,Charadriiformes,Alcidae,Uria,aalge,Uria_aalge,1,42.83333333,31.7,SP,60,5.93628,108.5,991.5,wild,acceptable,large,"1, 2 & 3"
Aves,Charadriiformes,Alcidae,Uria,lomvia,Uria_lomvia,1,29,33.25,SP,22.1,5.4908,100.15,964,wild,acceptable,medium,"1, 2 & 3"
Aves,Charadriiformes,Charadriidae,Vanellus,armatus,Vanellus_armatus,3.1,18.6,28.5,P,41,2.01449218,16.5,165.8361081,captivity,acceptable,medium,"1, 2 & 3"
Aves,Charadriiformes,Charadriidae,Vanellus,vanellus,Vanellus_vanellus,4,24.5,25.7,P,37.5,2.1783,26,218,wild,acceptable,medium,"1, 2 & 3"
Aves,Passeriformes,Parulidae,Vermivora,peregrina,Vermivora_peregrina,6,6.417,11.25,A,11.3,0.44548,1.29,9.55,wild,acceptable,small,"1, 2 & 3"
Aves,Passeriformes,Vireonidae,Vireo,griseus,Vireo_griseus,3.95,10.91666667,13.25,A,10,0.60088,1.88,11.8,wild,acceptable,small,"1, 2 & 3"
Aves,Passeriformes,Vireonidae,Vireo,olivaceus,Vireo_olivaceus,3.7,10.2,12.5,A,11.25,0.63196,2.285,16.85,wild,acceptable,small,"1, 2 & 3"
Aves,Accipitriformes,Cathartidae,Vultur,gryphus,Vultur_gryphus,1,75,56,SA,180,32.69616,270,10500,captivity,acceptable,medium,"1, 2 & 3"
Aves,Passeriformes,Parulidae,Wilsonia,citrina,Wilsonia_citrina,3.595,8.2,12,A,8.5,0.49728,1.68,10.7,wild,acceptable,medium,"1, 2 & 3"
Aves,Passeriformes,Icteridae,Xanthocephalus,xanthocephalus,Xanthocephalus_xanthocephalus,3.72,18,12.5,A,16.9,1.7094,4.425,72.5,unknown,acceptable,medium,"1, 2 & 3"
Aves,Charadriiformes,Laridae,Xema,sabini,Xema_sabini,2.18,8.083333333,23.5,SP,26.25,2.28956,24,195,NA,NA,NA,"1, 2 & 3"
Aves,Charadriiformes,Scolopacidae,Xenus,cinereus,Xenus_cinereus,4,16,23,P,20,1.06708,13.5,78.8,wild,acceptable,medium,"1, 2 & 3"
Aves,Columbiformes,Columbidae,Zenaida,asiatica,Zenaida_asiatica,2,25,13.25,A,15,1.605390684,7.8,126.9762422,unknown,acceptable,medium,"1, 2 & 3"
Aves,Columbiformes,Columbidae,Zenaida,aurita,Zenaida_aurita,2,6.333333333,14,A,14,1.5022,9.1,159,unknown,low,tiny,"1, 2 & 3"
Aves,Columbiformes,Columbidae,Zenaida,macroura,Zenaida_macroura,2,31.33333333,14.4,A,14,1.23284,6.455,119,wild,acceptable,large,"1, 2 & 3"
Aves,Passeriformes,Emberizidae,Zonotrichia,albicollis,Zonotrichia_albicollis,4.07,14.91666667,13,A,10,1.0878,2.77,25.35,wild,acceptable,medium,"1, 2 & 3"
Aves,Passeriformes,Emberizidae,Zonotrichia,leucophrys,Zonotrichia_leucophrys,3.95,13.34,12.6,A,10,1.00492,2.83,27.96,wild,acceptable,large,"1, 2 & 3"
Aves,Passeriformes,Turdidae,Zoothera,naevia,Zoothera_naevia,3,5.6,14,A,14,1.77156,7.3,79.225,wild,acceptable,medium,"1, 2 & 3"
Aves,Passeriformes,Zosteropidae,Zosterops,japonicus,Zosterops_japonicus,3.15,5.1,11,A,10,0.55944,1.13,11.25,wild,acceptable,medium,"1, 2 & 3"
Aves,Passeriformes,Zosteropidae,Zosterops,lateralis,Zosterops_lateralis,3.15,13,11.5,A,12,0.48692,1.305,12.39583334,wild,acceptable,large,"1, 2 & 3"
,,,,,,,,,,,,,,,,,
,,,,,,,,,,,,,,,,,
References,,,,,,,,,,,,,,,,,
"1 Brain size: Iwaniuk, A. N. & Nelson,  J.E. (2003) Can. J. Zool. 81: 1913-1928; Armstrong, E. & Bergeron, R. (1985) Relative brain size and metabolism in birds. Brain Behav. Evol. 26: 141-153; Boire, D. & Baron, G. (1994) Allometric comparison of brain and main subdivisions in birds. J. Brain Res. 35: 4966; Garamszegi et al (2002) Proc. R. Soc. B. 269, 961-967; Garamszegi et al (2005) Proc. R. Soc. B. 272, 159-166; Mlikovsky, J. (1989) Brain size in birds 3: Columbiformes through Piciformes; Mlikovsky, J. (1989) Brain size in birds 2: Falconiformes through Gaviiformes; Mlikovsky, J. (1989) Brain size in birds 1: Tinamiformes through Ciconiiformes; Mlikovsky, J. (1990) Brain size in birds 4: Passeriformes; Crile, G. & Quiring, D.P. (1940) A record of the body weight and certain organ and gland weight of 3690 animals. Ohio J. Sci. 40: 219-259; Burish, M.J.,  Kueh, H.Y. & Wang, S-H. S. (2002) Brain architecture and social complexity in modern and ancient birds. Brain Behav. Evol. 63: 107-124; Ferran Sayol, Joan Maspons, Oriol Lapiedra, Andrew N. Iwaniuk, Tama´s Szekely & Daniel Sol (2016). Environmental variation and the evolution of large brains in birds. Nature Communications. 7:13971",,,,,,,,,,,,,,,,,
"2 Life history: Myhrvold NP, Baldridge E, Chan B, Sivam D, Freeman DL, Ernest SKM. 2015 An amniote life-history database to perform comparative analyses with birds , mammals , and reptiles. Ecology 96, 3109 ",,,,,,,,,,,,,,,,,
"3 Longevity: Tacutu R, Craig T, Budovsky A, Wuttke D, Lehmann G, Taranukhe D, Costa J, Fraifeld VE, de Magalhães P. 2013 Human Ageing Genomic Resources : Integrated databases and tools for the biology and genetics of ageing. Nucleic Acids Res. 41, 1027–1033. (doi:10.1093/nar/gks1155)",,,,,,,,,,,,,,,,,